{
	"imdb_list" : [
		{"ls_top_1000" : "IMDB Top 1000"},
		{"ls_imdb_coming_soon" : "IMDB Coming Soon"},
		{"ls_imdb_movies_near_you" : "IMDB Movies Near You"},

		{"ls_popular" : "IMDB PopularTitles"},
		{"ls_trending" : "IMDB TrendingTitles"},
		{"ls_anticipated" : "IMDB Anticipated PopularTitles"},
		{"ls_recent" : "IMDB RecentVideos Trailers"},

		{"ls562384988" : "IMDB Nowtflix"},
		{"ur24116780" : "IMDB stevenroose's Watchlist"},
		{"ls020525837" : "IMDB Marvel movies in chronological order"},
		{"ls068561553" : "IMDB Disney Movies - Complete List"},
		{"ls026465600" : "IMDB X-Men - In Order"},
		{"ls027138048" : "IMDB Best Sci-Fi Movies!"},
		{"ls059646235" : "IMDB Batman"},
		{"ls068942825" : "IMDB Superman"},
		{"ls091520106" : "IMDB Top 100 Movies Bucket List"},
		{"ls000038386" : "IMDB 200 Best Comedies of All Time"},
		{"ls069203520" : "IMDB *** Best Crime Films ***"},		
		{"ls029559286" : "IMDB All Star Wars movies"}
		]
}
