{
    "name" : "[COLOR FFB8D995]Diamond_Auto_Torr_Scrape[/COLOR][COLOR FF9FD1EC]iZER[/COLOR]",
    "plugin" : "script.diamondinfo",
    "is_resolvable" : "true",
    "priority" : 202,
    "play_episode" : "plugin://script.diamondinfo/?info=a4kwrapper_player&type=tv&show_title={showname}&show_episode={episode}&show_season={season}&tmdb={tmdb}&cloud_scrape=False",
    "play_movie" : "plugin://script.diamondinfo/?info=a4kwrapper_player&type=movie&movie_title={title}&movie_year={year}&tmdb={tmdb}&cloud_scrape=False"
}

