<?xml version="1.0" encoding="UTF-8"?>

<window>
	<views>50</views>
	<zorder>0</zorder>
	<coordinates>
		<left>0</left>
		<top>0</top>
	</coordinates>
	<defaultcontrol always="true">50100</defaultcontrol>

	<controls>
		<!-- BACKGROUND LOGO -->
		<control type="image">
			<top>296</top>
			<left>576</left>
			<width>128</width>
			<height>128</height>
			<texture>$INFO[Window.Property(GaiaLogo)]</texture>
			<animation effect="zoom" easing="out" tween="cubic" start="100,100" end="80,80" time="1000" delay="100" center="auto" pulse="true" condition="Integer.IsGreaterOrEqual(Window.Property(GaiaAnimated),1)">Conditional</animation>
			<animation effect="fade" easing="inout" tween="cubic" start="100" end="50" time="1000" delay="100" pulse="true" condition="Integer.IsGreaterOrEqual(Window.Property(GaiaAnimated),1)">Conditional</animation>
			<visible>Integer.IsEqual(Window.Property(GaiaDecoration),1)</visible>
		</control>

		<control type="group" id="50000">
			<visible>Integer.IsEqual(Window.Property(GaiaInitialized),1)</visible>
			<animation effect="fade" easing="inout" tween="cubic" start="0" end="100" time="500" reversible="false" condition="Integer.IsGreaterOrEqual(Window.Property(GaiaAnimated),1)">VisibleChange</animation>

			<!-- OVERLAY -->
			<!--<control type="image" id="50001">
				<top>0</top>
				<left>0</left>
				<width>100%</width>
				<height>100%</height>
				<colordiffuse>E0000000</colordiffuse>
				<texture>special://home/addons/script.gaia.resources/resources/media/interface/pixel.png</texture>
			</control>-->

			<!-- BOX -->
			<control type="group" id="50010">
				<!-- BOX - BORDER -->
				<control type="image" id="50011">
					<top>0</top>
					<left>0</left>
					<width>100%</width>
					<height>100%</height>
					<texture>special://home/addons/script.gaia.resources/resources/media/interface/dialoghorizontalouter.png</texture>
				</control>

				<!-- BOX - BACKGROUND -->
				<control type="image" id="50012">
					<top>0</top>
					<left>0</left>
					<width>100%</width>
					<height>100%</height>
					<texture diffuse="special://home/addons/script.gaia.resources/resources/media/interface/dialoghorizontalinner.png">$INFO[Window.Property(GaiaBackground)]</texture>
				</control>

				<!-- BOX - OVERLAY -->
				<control type="image" id="50013">
					<top>0</top>
					<left>0</left>
					<width>100%</width>
					<height>100%</height>
					<colordiffuse>DD101010</colordiffuse>
					<texture diffuse="special://home/addons/script.gaia.resources/resources/media/interface/dialoghorizontalinner.png">special://home/addons/script.gaia.resources/resources/media/interface/pixel.png</texture>
				</control>

				<!-- BOX -SEPARATOR -->
				<control type="image" id="50014">
					<top>268</top>
					<left>237</left>
					<width>806</width>
					<height>4</height>
					<texture>special://home/addons/script.gaia.resources/resources/media/interface/separator.png</texture>
				</control>

				<!-- BOX - LOGO -->
				<control type="image" id="50015">
					<top>206</top>
					<left>260</left>
					<width>64</width>
					<height>64</height>
					<texture>$INFO[Window.Property(GaiaLogo)]</texture>
					<animation effect="fade" easing="inout" tween="cubic" start="0" end="100" time="500" delay="50" reversible="false" condition="Integer.IsGreaterOrEqual(Window.Property(GaiaAnimated),4)">Conditional</animation>
				</control>

				<!-- BOX - HEADING -->
				<control type="label" id="50016">
					<top>206</top>
					<left>360</left>
					<width>604</width>
					<height>64</height>
					<font>[GAIAFONTBIG]</font>
					<scroll>true</scroll>
					<scrollspeed>50</scrollspeed>
					<scrollsuffix>   -   </scrollsuffix>
					<aligny>center</aligny>
					<textcolor>FFFFFFFF</textcolor>
					<label>[B]$INFO[Window.Property(GaiaHeading)][/B]</label>
					<zorder>1</zorder>
					<animation effect="fade" easing="inout" tween="cubic" start="0" end="100" time="500" delay="50" reversible="false" condition="Integer.IsGreaterOrEqual(Window.Property(GaiaAnimated),4)">Conditional</animation>
				</control>
				<control type="label" id="50017">
					<top>206</top>
					<left>360</left>
					<width>604</width>
					<height>64</height>
					<font>[GAIAFONTBIG]</font>
					<scroll>true</scroll>
					<scrollspeed>50</scrollspeed>
					<scrollsuffix>   -   </scrollsuffix>
					<aligny>center</aligny>
					<label>[B]$INFO[Window.Property(GaiaHighlight)][/B]</label>
					<zorder>2</zorder>
					<visible>Integer.IsGreaterOrEqual(Window.Property(GaiaAnimated),1) + Integer.IsEqual(Window.Property(GaiaIndication),1) + String.IsEqual(Window.Property(GaiaAnimation),true)</visible>
					<animation effect="fade" start="100" end="0" time="1000" pulse="true" tween="linear" condition="Integer.IsGreaterOrEqual(Window.Property(GaiaAnimated),1) + String.IsEqual(Window.Property(GaiaAnimation),true)">Conditional</animation>
					<animation effect="fade" easing="inout" tween="cubic" start="0" end="100" time="500" delay="50" reversible="false" condition="Integer.IsGreaterOrEqual(Window.Property(GaiaAnimated),4)">Conditional</animation>
				</control>

				<!-- BOX - BUTTONS -->
				<!-- NB: For some reason, using $INFO[] in a button texturenofocus/texturefocus does not work. Add images to handle the icon. -->
				<control type="group" id="50100">

					<!-- BOX - BUTTON 1 -->
					<control type="group" id="50110">
						<visible>!String.IsEmpty(Window.Property(GaiaButtonEnabled1))</visible>
						<left>970</left>
						<top>208</top>
						<width>64</width>
						<height>64</height>
						<control type="button" id="50111">
							<texturenofocus></texturenofocus>
							<texturefocus></texturefocus>

							<onup condition="String.IsEqual(Window.Property(GaiaMode),rating)">51100</onup>
							<ondown condition="String.IsEqual(Window.Property(GaiaMode),rating)">51100</ondown>

							<onleft condition="!String.IsEmpty(Window.Property(GaiaButtonEnabled2))">50121</onleft>
							<onright condition="!String.IsEmpty(Window.Property(GaiaButtonEnabled5))">50151</onright>
							<onright condition="String.IsEmpty(Window.Property(GaiaButtonEnabled5)) + !String.IsEmpty(Window.Property(GaiaButtonEnabled4))">50141</onright>
							<onright condition="String.IsEmpty(Window.Property(GaiaButtonEnabled5)) + String.IsEmpty(Window.Property(GaiaButtonEnabled4)) + !String.IsEmpty(Window.Property(GaiaButtonEnabled3))">50131</onright>
							<onright condition="String.IsEmpty(Window.Property(GaiaButtonEnabled5)) + String.IsEmpty(Window.Property(GaiaButtonEnabled4)) + String.IsEmpty(Window.Property(GaiaButtonEnabled3)) + !String.IsEmpty(Window.Property(GaiaButtonEnabled2))">50121</onright>

							<onleft condition="Integer.IsEqual(Window.Property(GaiaInitialized),1)">SetProperty(GaiaInteracted,1)</onleft>
							<onright condition="Integer.IsEqual(Window.Property(GaiaInitialized),1)">SetProperty(GaiaInteracted,1)</onright>
							<onup condition="Integer.IsEqual(Window.Property(GaiaInitialized),1)">SetProperty(GaiaInteracted,1)</onup>
							<ondown condition="Integer.IsEqual(Window.Property(GaiaInitialized),1)">SetProperty(GaiaInteracted,1)</ondown>
						</control>
						<control type="image" id="50112">
							<texture>special://home/addons/script.gaia.resources/resources/media/icons/white/small/$INFO[Window.Property(GaiaButtonIcon1)].png</texture>
						</control>
						<control type="image" id="50113">
							<texture colordiffuse="$INFO[Window(Home).Property(GaiaColorButton)]">special://home/addons/script.gaia.resources/resources/media/icons/white/small/$INFO[Window.Property(GaiaButtonIcon1)].png</texture>
							<animation effect="fade" easing="inout" tween="cubic" start="0" end="100" time="150" reversible="false" condition="Control.HasFocus(50111)">Conditional</animation>
							<animation effect="fade" easing="inout" tween="cubic" start="100" end="0" time="150" reversible="false" condition="!Control.HasFocus(50111)">Conditional</animation>
							<visible>Integer.IsGreaterOrEqual(Window.Property(GaiaAnimated),1)</visible>
						</control>
						<control type="image" id="50114">
							<texture colordiffuse="$INFO[Window(Home).Property(GaiaColorButton)]">special://home/addons/script.gaia.resources/resources/media/icons/white/small/$INFO[Window.Property(GaiaButtonIcon1)].png</texture>
							<animation effect="fade" easing="inout" tween="cubic" start="0" end="100" time="0" reversible="false" condition="Control.HasFocus(50111)">Conditional</animation>
							<animation effect="fade" easing="inout" tween="cubic" start="100" end="0" time="0" reversible="false" condition="!Control.HasFocus(50111)">Conditional</animation>
							<visible>Integer.IsLessOrEqual(Window.Property(GaiaAnimated),0)</visible>
						</control>
					</control>

					<!-- BOX - BUTTON 2 -->
					<control type="group" id="50120">
						<visible>!String.IsEmpty(Window.Property(GaiaButtonEnabled2))</visible>
						<left>916</left>
						<top>208</top>
						<width>64</width>
						<height>64</height>
						<control type="button" id="50121">
							<left>0</left>
							<top>0</top>
							<width>64</width>
							<height>64</height>
							<texturenofocus></texturenofocus>
							<texturefocus></texturefocus>

							<onup condition="String.IsEqual(Window.Property(GaiaMode),rating)">51100</onup>
							<ondown condition="String.IsEqual(Window.Property(GaiaMode),rating)">51100</ondown>

							<onleft condition="!String.IsEmpty(Window.Property(GaiaButtonEnabled3))">50131</onleft>
							<onleft condition="String.IsEmpty(Window.Property(GaiaButtonEnabled3))">50111</onleft>
							<onright condition="!String.IsEmpty(Window.Property(GaiaButtonEnabled1))">50111</onright>

							<onleft condition="Integer.IsEqual(Window.Property(GaiaInitialized),1)">SetProperty(GaiaInteracted,1)</onleft>
							<onright condition="Integer.IsEqual(Window.Property(GaiaInitialized),1)">SetProperty(GaiaInteracted,1)</onright>
							<onup condition="Integer.IsEqual(Window.Property(GaiaInitialized),1)">SetProperty(GaiaInteracted,1)</onup>
							<ondown condition="Integer.IsEqual(Window.Property(GaiaInitialized),1)">SetProperty(GaiaInteracted,1)</ondown>
						</control>
						<control type="image" id="50122">
							<texture>special://home/addons/script.gaia.resources/resources/media/icons/white/small/$INFO[Window.Property(GaiaButtonIcon2)].png</texture>
						</control>
						<control type="image" id="50123">
							<texture colordiffuse="$INFO[Window(Home).Property(GaiaColorButton)]">special://home/addons/script.gaia.resources/resources/media/icons/white/small/$INFO[Window.Property(GaiaButtonIcon2)].png</texture>
							<animation effect="fade" easing="inout" tween="cubic" start="0" end="100" time="150" reversible="false" condition="Control.HasFocus(50121)">Conditional</animation>
							<animation effect="fade" easing="inout" tween="cubic" start="100" end="0" time="150" reversible="false" condition="!Control.HasFocus(50121)">Conditional</animation>
							<visible>Integer.IsGreaterOrEqual(Window.Property(GaiaAnimated),1)</visible>
						</control>
						<control type="image" id="50124">
							<texture colordiffuse="$INFO[Window(Home).Property(GaiaColorButton)]">special://home/addons/script.gaia.resources/resources/media/icons/white/small/$INFO[Window.Property(GaiaButtonIcon2)].png</texture>
							<animation effect="fade" easing="inout" tween="cubic" start="0" end="100" time="0" reversible="false" condition="Control.HasFocus(50121)">Conditional</animation>
							<animation effect="fade" easing="inout" tween="cubic" start="100" end="0" time="0" reversible="false" condition="!Control.HasFocus(50121)">Conditional</animation>
							<visible>Integer.IsLessOrEqual(Window.Property(GaiaAnimated),0)</visible>
						</control>
					</control>

					<!-- BOX - BUTTON 3 -->
					<control type="group" id="50130">
						<visible>!String.IsEmpty(Window.Property(GaiaButtonEnabled3))</visible>
						<left>862</left>
						<top>208</top>
						<width>64</width>
						<height>64</height>
						<control type="button" id="50131">
							<texturenofocus></texturenofocus>
							<texturefocus></texturefocus>

							<onup condition="String.IsEqual(Window.Property(GaiaMode),rating)">51100</onup>
							<ondown condition="String.IsEqual(Window.Property(GaiaMode),rating)">51100</ondown>

							<onleft condition="!String.IsEmpty(Window.Property(GaiaButtonEnabled4))">50141</onleft>
							<onleft condition="String.IsEmpty(Window.Property(GaiaButtonEnabled4))">50111</onleft>
							<onright condition="!String.IsEmpty(Window.Property(GaiaButtonEnabled2))">50121</onright>

							<onleft condition="Integer.IsEqual(Window.Property(GaiaInitialized),1)">SetProperty(GaiaInteracted,1)</onleft>
							<onright condition="Integer.IsEqual(Window.Property(GaiaInitialized),1)">SetProperty(GaiaInteracted,1)</onright>
							<onup condition="Integer.IsEqual(Window.Property(GaiaInitialized),1)">SetProperty(GaiaInteracted,1)</onup>
							<ondown condition="Integer.IsEqual(Window.Property(GaiaInitialized),1)">SetProperty(GaiaInteracted,1)</ondown>
						</control>
						<control type="image" id="50132">
							<texture>special://home/addons/script.gaia.resources/resources/media/icons/white/small/$INFO[Window.Property(GaiaButtonIcon3)].png</texture>
						</control>
						<control type="image" id="50133">
							<texture colordiffuse="$INFO[Window(Home).Property(GaiaColorButton)]">special://home/addons/script.gaia.resources/resources/media/icons/white/small/$INFO[Window.Property(GaiaButtonIcon3)].png</texture>
							<animation effect="fade" easing="inout" tween="cubic" start="0" end="100" time="150" reversible="false" condition="Control.HasFocus(50131)">Conditional</animation>
							<animation effect="fade" easing="inout" tween="cubic" start="100" end="0" time="150" reversible="false" condition="!Control.HasFocus(50131)">Conditional</animation>
							<visible>Integer.IsGreaterOrEqual(Window.Property(GaiaAnimated),1)</visible>
						</control>
						<control type="image" id="50134">
							<texture colordiffuse="$INFO[Window(Home).Property(GaiaColorButton)]">special://home/addons/script.gaia.resources/resources/media/icons/white/small/$INFO[Window.Property(GaiaButtonIcon3)].png</texture>
							<animation effect="fade" easing="inout" tween="cubic" start="0" end="100" time="0" reversible="false" condition="Control.HasFocus(50131)">Conditional</animation>
							<animation effect="fade" easing="inout" tween="cubic" start="100" end="0" time="0" reversible="false" condition="!Control.HasFocus(50131)">Conditional</animation>
							<visible>Integer.IsLessOrEqual(Window.Property(GaiaAnimated),0)</visible>
						</control>
					</control>

					<!-- BOX - BUTTON 4 -->
					<control type="group" id="50140">
						<visible>!String.IsEmpty(Window.Property(GaiaButtonEnabled4))</visible>
						<left>808</left>
						<top>208</top>
						<width>64</width>
						<height>64</height>
						<control type="button" id="50141">
							<texturenofocus></texturenofocus>
							<texturefocus></texturefocus>

							<onup condition="String.IsEqual(Window.Property(GaiaMode),rating)">51100</onup>
							<ondown condition="String.IsEqual(Window.Property(GaiaMode),rating)">51100</ondown>

							<onleft condition="!String.IsEmpty(Window.Property(GaiaButtonEnabled5))">50151</onleft>
							<onleft condition="String.IsEmpty(Window.Property(GaiaButtonEnabled5))">50111</onleft>
							<onright condition="!String.IsEmpty(Window.Property(GaiaButtonEnabled3))">50131</onright>

							<onleft condition="Integer.IsEqual(Window.Property(GaiaInitialized),1)">SetProperty(GaiaInteracted,1)</onleft>
							<onright condition="Integer.IsEqual(Window.Property(GaiaInitialized),1)">SetProperty(GaiaInteracted,1)</onright>
							<onup condition="Integer.IsEqual(Window.Property(GaiaInitialized),1)">SetProperty(GaiaInteracted,1)</onup>
							<ondown condition="Integer.IsEqual(Window.Property(GaiaInitialized),1)">SetProperty(GaiaInteracted,1)</ondown>
						</control>
						<control type="image" id="50142">
							<texture>special://home/addons/script.gaia.resources/resources/media/icons/white/small/$INFO[Window.Property(GaiaButtonIcon4)].png</texture>
						</control>
						<control type="image" id="50143">
							<texture colordiffuse="$INFO[Window(Home).Property(GaiaColorButton)]">special://home/addons/script.gaia.resources/resources/media/icons/white/small/$INFO[Window.Property(GaiaButtonIcon4)].png</texture>
							<animation effect="fade" easing="inout" tween="cubic" start="0" end="100" time="150" reversible="false" condition="Control.HasFocus(50141)">Conditional</animation>
							<animation effect="fade" easing="inout" tween="cubic" start="100" end="0" time="150" reversible="false" condition="!Control.HasFocus(50141)">Conditional</animation>
							<visible>Integer.IsGreaterOrEqual(Window.Property(GaiaAnimated),1)</visible>
						</control>
						<control type="image" id="50144">
							<texture colordiffuse="$INFO[Window(Home).Property(GaiaColorButton)]">special://home/addons/script.gaia.resources/resources/media/icons/white/small/$INFO[Window.Property(GaiaButtonIcon4)].png</texture>
							<animation effect="fade" easing="inout" tween="cubic" start="0" end="100" time="0" reversible="false" condition="Control.HasFocus(50141)">Conditional</animation>
							<animation effect="fade" easing="inout" tween="cubic" start="100" end="0" time="0" reversible="false" condition="!Control.HasFocus(50141)">Conditional</animation>
							<visible>Integer.IsLessOrEqual(Window.Property(GaiaAnimated),0)</visible>
						</control>
					</control>

					<!-- BOX - BUTTON 5 -->
					<control type="group" id="50150">
						<visible>!String.IsEmpty(Window.Property(GaiaButtonEnabled5))</visible>
						<left>754</left>
						<top>208</top>
						<width>64</width>
						<height>64</height>
						<control type="button" id="50151">
							<texturenofocus></texturenofocus>
							<texturefocus></texturefocus>

							<onup condition="String.IsEqual(Window.Property(GaiaMode),rating)">51100</onup>
							<ondown condition="String.IsEqual(Window.Property(GaiaMode),rating)">51100</ondown>

							<onleft condition="!String.IsEmpty(Window.Property(GaiaButtonEnabled1))">50111</onleft>
							<onright condition="!String.IsEmpty(Window.Property(GaiaButtonEnabled4))">50141</onright>

							<onleft condition="Integer.IsEqual(Window.Property(GaiaInitialized),1)">SetProperty(GaiaInteracted,1)</onleft>
							<onright condition="Integer.IsEqual(Window.Property(GaiaInitialized),1)">SetProperty(GaiaInteracted,1)</onright>
							<onup condition="Integer.IsEqual(Window.Property(GaiaInitialized),1)">SetProperty(GaiaInteracted,1)</onup>
							<ondown condition="Integer.IsEqual(Window.Property(GaiaInitialized),1)">SetProperty(GaiaInteracted,1)</ondown>
						</control>
						<control type="image" id="50152">
							<texture>special://home/addons/script.gaia.resources/resources/media/icons/white/small/$INFO[Window.Property(GaiaButtonIcon5)].png</texture>
						</control>
						<control type="image" id="50153">
							<texture colordiffuse="$INFO[Window(Home).Property(GaiaColorButton)]">special://home/addons/script.gaia.resources/resources/media/icons/white/small/$INFO[Window.Property(GaiaButtonIcon5)].png</texture>
							<animation effect="fade" easing="inout" tween="cubic" start="0" end="100" time="150" reversible="false" condition="Control.HasFocus(50151)">Conditional</animation>
							<animation effect="fade" easing="inout" tween="cubic" start="100" end="0" time="150" reversible="false" condition="!Control.HasFocus(50151)">Conditional</animation>
							<visible>Integer.IsGreaterOrEqual(Window.Property(GaiaAnimated),1)</visible>
						</control>
						<control type="image" id="50154">
							<texture colordiffuse="$INFO[Window(Home).Property(GaiaColorButton)]">special://home/addons/script.gaia.resources/resources/media/icons/white/small/$INFO[Window.Property(GaiaButtonIcon5)].png</texture>
							<animation effect="fade" easing="inout" tween="cubic" start="0" end="100" time="0" reversible="false" condition="Control.HasFocus(50151)">Conditional</animation>
							<animation effect="fade" easing="inout" tween="cubic" start="100" end="0" time="0" reversible="false" condition="!Control.HasFocus(50151)">Conditional</animation>
							<visible>Integer.IsLessOrEqual(Window.Property(GaiaAnimated),0)</visible>
						</control>
					</control>

					<!-- BOX - PROGRESS -->
					<control type="group" id="50200">
						<left>700</left>
						<top>218</top>
						<width>64</width>
						<height>64</height>

						<!-- BOX - PROGRESS LABEL -->
						<control type="label" id="50201">
							<top>0</top>
							<left>0</left>
							<width>42</width>
							<height>42</height>
							<font>[GAIAFONTTINY]</font>
							<scroll>false</scroll>
							<align>center</align>
							<aligny>center</aligny>
							<textcolor>FFFFFFFF</textcolor>
							<label>[B]$INFO[Window.Property(GaiaTimeout)][/B]</label>
							<animation effect="fade" easing="inout" tween="cubic" start="0" end="100" time="500" reversible="false" condition="Integer.IsGreaterOrEqual(Window.Property(GaiaAnimated),1)">Visible</animation>
							<visible>Integer.IsGreaterOrEqual(Window.Property(GaiaTimeout),0) + Integer.IsLessOrEqual(Window.Property(GaiaTimeout),99)</visible>
						</control>
						<control type="label" id="50201">
							<top>0</top>
							<left>0</left>
							<width>42</width>
							<height>42</height>
							<font>[GAIAFONTTINY]</font>
							<scroll>false</scroll>
							<align>center</align>
							<aligny>center</aligny>
							<textcolor>FFFFFFFF</textcolor>
							<label>[B]--[/B]</label>
							<animation effect="fade" easing="inout" tween="cubic" start="100" end="0" time="500" reversible="false" condition="Integer.IsGreaterOrEqual(Window.Property(GaiaAnimated),1)">Hidden</animation>
							<visible>Integer.IsGreater(Window.Property(GaiaTimeout),99)</visible>
						</control>

						<!-- BOX - PROGRESS 1 -->
						<control type="group" id="50210">
							<left>16</left>
							<top>0</top>
							<width>10</width>
							<height>10</height>
							<control type="image" id="50211">
								<width>100%</width>
								<height>100%</height>
								<texture>special://home/addons/script.gaia.resources/resources/media/interface/circlesmall.png</texture>
							</control>
							<control type="image" id="50212">
								<centerleft>50%</centerleft>
								<centertop>50%</centertop>
								<width>60%</width>
								<height>60%</height>
								<texture colordiffuse="$INFO[Window(Home).Property(GaiaColorSecondary)]">special://home/addons/script.gaia.resources/resources/media/interface/circlesmall.png</texture>
							</control>
							<control type="image" id="50213">
								<centerleft>50%</centerleft>
								<centertop>50%</centertop>
								<width>60%</width>
								<height>60%</height>
								<texture colordiffuse="$INFO[Window(Home).Property(GaiaColorPrimary)]">special://home/addons/script.gaia.resources/resources/media/interface/circlesmall.png</texture>
								<animation effect="fade" easing="inout" tween="cubic" start="0" end="100" time="500" reversible="false" condition="Integer.IsGreaterOrEqual(Window.Property(GaiaAnimated),1)">VisibleChange</animation>
								<visible>Integer.IsGreaterOrEqual(Window.Property(GaiaProgress),12) | [!String.IsEmpty(Window.Property(GaiaTimeout)) + Integer.IsLessOrEqual(Window.Property(GaiaTimeout),0)]</visible>
							</control>
						</control>

						<!-- BOX - PROGRESS 2 -->
						<control type="group" id="50220">
							<left>28</left>
							<top>4</top>
							<width>10</width>
							<height>10</height>
							<control type="image" id="50221">
								<width>100%</width>
								<height>100%</height>
								<texture>special://home/addons/script.gaia.resources/resources/media/interface/circlesmall.png</texture>
							</control>
							<control type="image" id="50222">
								<centerleft>50%</centerleft>
								<centertop>50%</centertop>
								<width>60%</width>
								<height>60%</height>
								<texture colordiffuse="$INFO[Window(Home).Property(GaiaColorSecondary)]">special://home/addons/script.gaia.resources/resources/media/interface/circlesmall.png</texture>
							</control>
							<control type="image" id="50223">
								<centerleft>50%</centerleft>
								<centertop>50%</centertop>
								<width>60%</width>
								<height>60%</height>
								<texture colordiffuse="$INFO[Window(Home).Property(GaiaColorPrimary)]">special://home/addons/script.gaia.resources/resources/media/interface/circlesmall.png</texture>
								<animation effect="fade" easing="inout" tween="cubic" start="0" end="100" time="500" reversible="false" condition="Integer.IsGreaterOrEqual(Window.Property(GaiaAnimated),1)">VisibleChange</animation>
								<visible>Integer.IsGreaterOrEqual(Window.Property(GaiaProgress),24) | [!String.IsEmpty(Window.Property(GaiaTimeout)) + Integer.IsLessOrEqual(Window.Property(GaiaTimeout),0)]</visible>
							</control>
						</control>

						<!-- BOX - PROGRESS 3 -->
						<control type="group" id="50230">
							<left>32</left>
							<top>16</top>
							<width>10</width>
							<height>10</height>
							<control type="image" id="50231">
								<width>100%</width>
								<height>100%</height>
								<texture>special://home/addons/script.gaia.resources/resources/media/interface/circlesmall.png</texture>
							</control>
							<control type="image" id="50232">
								<centerleft>50%</centerleft>
								<centertop>50%</centertop>
								<width>60%</width>
								<height>60%</height>
								<texture colordiffuse="$INFO[Window(Home).Property(GaiaColorSecondary)]">special://home/addons/script.gaia.resources/resources/media/interface/circlesmall.png</texture>
							</control>
							<control type="image" id="50233">
								<centerleft>50%</centerleft>
								<centertop>50%</centertop>
								<width>60%</width>
								<height>60%</height>
								<texture colordiffuse="$INFO[Window(Home).Property(GaiaColorPrimary)]">special://home/addons/script.gaia.resources/resources/media/interface/circlesmall.png</texture>
								<animation effect="fade" easing="inout" tween="cubic" start="0" end="100" time="500" reversible="false" condition="Integer.IsGreaterOrEqual(Window.Property(GaiaAnimated),1)">VisibleChange</animation>
								<visible>Integer.IsGreaterOrEqual(Window.Property(GaiaProgress),36) | [!String.IsEmpty(Window.Property(GaiaTimeout)) + Integer.IsLessOrEqual(Window.Property(GaiaTimeout),0)]</visible>
							</control>
						</control>

						<!-- BOX - PROGRESS 4 -->
						<control type="group" id="50240">
							<left>28</left>
							<top>28</top>
							<width>10</width>
							<height>10</height>
							<control type="image" id="50241">
								<width>100%</width>
								<height>100%</height>
								<texture>special://home/addons/script.gaia.resources/resources/media/interface/circlesmall.png</texture>
							</control>
							<control type="image" id="50242">
								<centerleft>50%</centerleft>
								<centertop>50%</centertop>
								<width>60%</width>
								<height>60%</height>
								<texture colordiffuse="$INFO[Window(Home).Property(GaiaColorSecondary)]">special://home/addons/script.gaia.resources/resources/media/interface/circlesmall.png</texture>
							</control>
							<control type="image" id="50243">
								<centerleft>50%</centerleft>
								<centertop>50%</centertop>
								<width>60%</width>
								<height>60%</height>
								<texture colordiffuse="$INFO[Window(Home).Property(GaiaColorPrimary)]">special://home/addons/script.gaia.resources/resources/media/interface/circlesmall.png</texture>
								<animation effect="fade" easing="inout" tween="cubic" start="0" end="100" time="500" reversible="false" condition="Integer.IsGreaterOrEqual(Window.Property(GaiaAnimated),1)">VisibleChange</animation>
								<visible>Integer.IsGreaterOrEqual(Window.Property(GaiaProgress),48) | [!String.IsEmpty(Window.Property(GaiaTimeout)) + Integer.IsLessOrEqual(Window.Property(GaiaTimeout),0)]</visible>
							</control>
						</control>

						<!-- BOX - PROGRESS 5 -->
						<control type="group" id="50250">
							<left>16</left>
							<top>32</top>
							<width>10</width>
							<height>10</height>
							<control type="image" id="50251">
								<width>100%</width>
								<height>100%</height>
								<texture>special://home/addons/script.gaia.resources/resources/media/interface/circlesmall.png</texture>
							</control>
							<control type="image" id="50252">
								<centerleft>50%</centerleft>
								<centertop>50%</centertop>
								<width>60%</width>
								<height>60%</height>
								<texture colordiffuse="$INFO[Window(Home).Property(GaiaColorSecondary)]">special://home/addons/script.gaia.resources/resources/media/interface/circlesmall.png</texture>
							</control>
							<control type="image" id="50253">
								<centerleft>50%</centerleft>
								<centertop>50%</centertop>
								<width>60%</width>
								<height>60%</height>
								<texture colordiffuse="$INFO[Window(Home).Property(GaiaColorPrimary)]">special://home/addons/script.gaia.resources/resources/media/interface/circlesmall.png</texture>
								<animation effect="fade" easing="inout" tween="cubic" start="0" end="100" time="500" reversible="false" condition="Integer.IsGreaterOrEqual(Window.Property(GaiaAnimated),1)">VisibleChange</animation>
								<visible>Integer.IsGreaterOrEqual(Window.Property(GaiaProgress),60) | [!String.IsEmpty(Window.Property(GaiaTimeout)) + Integer.IsLessOrEqual(Window.Property(GaiaTimeout),0)]</visible>
							</control>
						</control>

						<!-- BOX - PROGRESS 6 -->
						<control type="group" id="50260">
							<left>4</left>
							<top>28</top>
							<width>10</width>
							<height>10</height>
							<control type="image" id="50261">
								<width>100%</width>
								<height>100%</height>
								<texture>special://home/addons/script.gaia.resources/resources/media/interface/circlesmall.png</texture>
							</control>
							<control type="image" id="50262">
								<centerleft>50%</centerleft>
								<centertop>50%</centertop>
								<width>60%</width>
								<height>60%</height>
								<texture colordiffuse="$INFO[Window(Home).Property(GaiaColorSecondary)]">special://home/addons/script.gaia.resources/resources/media/interface/circlesmall.png</texture>
							</control>
							<control type="image" id="50263">
								<centerleft>50%</centerleft>
								<centertop>50%</centertop>
								<width>60%</width>
								<height>60%</height>
								<texture colordiffuse="$INFO[Window(Home).Property(GaiaColorPrimary)]">special://home/addons/script.gaia.resources/resources/media/interface/circlesmall.png</texture>
								<animation effect="fade" easing="inout" tween="cubic" start="0" end="100" time="500" reversible="false" condition="Integer.IsGreaterOrEqual(Window.Property(GaiaAnimated),1)">VisibleChange</animation>
								<visible>Integer.IsGreaterOrEqual(Window.Property(GaiaProgress),72) | [!String.IsEmpty(Window.Property(GaiaTimeout)) + Integer.IsLessOrEqual(Window.Property(GaiaTimeout),0)]</visible>
							</control>
						</control>

						<!-- BOX - PROGRESS 7 -->
						<control type="group" id="50270">
							<left>0</left>
							<top>16</top>
							<width>10</width>
							<height>10</height>
							<control type="image" id="50271">
								<width>100%</width>
								<height>100%</height>
								<texture>special://home/addons/script.gaia.resources/resources/media/interface/circlesmall.png</texture>
							</control>
							<control type="image" id="50272">
								<centerleft>50%</centerleft>
								<centertop>50%</centertop>
								<width>60%</width>
								<height>60%</height>
								<texture colordiffuse="$INFO[Window(Home).Property(GaiaColorSecondary)]">special://home/addons/script.gaia.resources/resources/media/interface/circlesmall.png</texture>
							</control>
							<control type="image" id="50273">
								<centerleft>50%</centerleft>
								<centertop>50%</centertop>
								<width>60%</width>
								<height>60%</height>
								<texture colordiffuse="$INFO[Window(Home).Property(GaiaColorPrimary)]">special://home/addons/script.gaia.resources/resources/media/interface/circlesmall.png</texture>
								<animation effect="fade" easing="inout" tween="cubic" start="0" end="100" time="500" reversible="false" condition="Integer.IsGreaterOrEqual(Window.Property(GaiaAnimated),1)">VisibleChange</animation>
								<visible>Integer.IsGreaterOrEqual(Window.Property(GaiaProgress),84) | [!String.IsEmpty(Window.Property(GaiaTimeout)) + Integer.IsLessOrEqual(Window.Property(GaiaTimeout),0)]</visible>
							</control>
						</control>

						<!-- BOX - PROGRESS 8 -->
						<control type="group" id="50280">
							<left>4</left>
							<top>4</top>
							<width>10</width>
							<height>10</height>
							<control type="image" id="50281">
								<width>100%</width>
								<height>100%</height>
								<texture>special://home/addons/script.gaia.resources/resources/media/interface/circlesmall.png</texture>
							</control>
							<control type="image" id="50282">
								<centerleft>50%</centerleft>
								<centertop>50%</centertop>
								<width>60%</width>
								<height>60%</height>
								<texture colordiffuse="$INFO[Window(Home).Property(GaiaColorSecondary)]">special://home/addons/script.gaia.resources/resources/media/interface/circlesmall.png</texture>
							</control>
							<control type="image" id="50283">
								<centerleft>50%</centerleft>
								<centertop>50%</centertop>
								<width>60%</width>
								<height>60%</height>
								<texture colordiffuse="$INFO[Window(Home).Property(GaiaColorPrimary)]">special://home/addons/script.gaia.resources/resources/media/interface/circlesmall.png</texture>
								<animation effect="fade" easing="inout" tween="cubic" start="0" end="100" time="500" reversible="false" condition="Integer.IsGreaterOrEqual(Window.Property(GaiaAnimated),1)">VisibleChange</animation>
								<visible>Integer.IsGreaterOrEqual(Window.Property(GaiaProgress),96) | [!String.IsEmpty(Window.Property(GaiaTimeout)) + Integer.IsLessOrEqual(Window.Property(GaiaTimeout),0)]</visible>
							</control>
						</control>
					</control>
				</control>

			</control>

			<!-- CONTENT -->
			<control type="group" id="51000">

				<!-- CONTENT - POSTER -->
				<control type="image" id="51001">
					<top>285</top>
					<left>260</left>
					<width>140</width>
					<height>210</height>
					<texture diffuse="special://home/addons/script.gaia.resources/resources/media/interface/posterrounded.png">$INFO[Window.Property(GaiaPoster)]</texture>
					<animation effect="fade" easing="inout" tween="cubic" start="0" end="100" time="500" delay="50" reversible="false" condition="Integer.IsGreaterOrEqual(Window.Property(GaiaAnimated),4)">Conditional</animation>
				</control>

				<!-- CONTENT - TITLE -->
				<control type="label" id="51011">
					<top>290</top>
					<left>416</left>
					<width>600</width>
					<height>32</height>
					<font>[GAIAFONTBIG]</font>
					<scroll>true</scroll>
					<scrollspeed>50</scrollspeed>
					<scrollsuffix>   -   </scrollsuffix>
					<aligny>center</aligny>
					<textcolor>FFFFFFFF</textcolor>
					<label>[B]$INFO[Window.Property(GaiaTitle)][/B]</label>
					<zorder>1</zorder>
					<animation effect="fade" easing="inout" tween="cubic" start="0" end="100" time="500" delay="50" reversible="false" condition="Integer.IsGreaterOrEqual(Window.Property(GaiaAnimated),4)">Conditional</animation>
				</control>
				<control type="label" id="51012">
					<top>315</top>
					<left>416</left>
					<width>600</width>
					<height>32</height>
					<font>[GAIAFONTMEDIUM]</font>
					<scroll>true</scroll>
					<scrollspeed>50</scrollspeed>
					<scrollsuffix>   -   </scrollsuffix>
					<aligny>center</aligny>
					<textcolor>FFFFFFFF</textcolor>
					<label>$INFO[Window.Property(GaiaSubtitle)]</label>
					<zorder>1</zorder>
					<animation effect="fade" easing="inout" tween="cubic" start="0" end="100" time="500" delay="50" reversible="false" condition="Integer.IsGreaterOrEqual(Window.Property(GaiaAnimated),4)">Conditional</animation>
				</control>

				<!-- CONTENT - RATER -->
				<!-- NB: Grouplists cannot be retrieved in Python. Wrap it in a normal group. -->
				<control type="group" id="51100">
					<visible>String.IsEqual(Window.Property(GaiaMode),rating)</visible>
					<top>355</top>
					<left>416</left>
					<width>600</width>

					<control type="grouplist">
						<top>0</top>
						<left>0</left>
						<width>600</width>
						<align>left</align>
						<orientation>horizontal</orientation>
						<itemgap>[GAIAVALUEGAP]</itemgap>

						<!-- CONTENT - RATER - BUTTON 1 -->
						<control type="group" id="52000">
							<animation effect="fade" easing="inout" tween="cubic" start="0" end="100" time="500" delay="50" reversible="false" condition="Integer.IsGreaterOrEqual(Window.Property(GaiaAnimated),4) + Integer.IsEqual(Window.Property(GaiaInitialized),1)">Conditional</animation>
							<control type="button" id="52001">
			      				<description>Rate As 1</description>
								<width>52</width>
								<height>52</height>

								<!-- Otherwise some skins add a button highlight (eg Aeon Nox). -->
								<texturenofocus></texturenofocus>
								<texturefocus></texturefocus>

								<onfocus>SetProperty(GaiaRatingValue,1)</onfocus>
								<onfocus>SetProperty(GaiaRatingLabel,$INFO[Window.Property(GaiaRatingTag1)])</onfocus>

								<onfocus condition="Integer.IsEqual(Window.Property(GaiaInitialized),1) + !String.IsEqual(Window.Property(GaiaPreviousRating),1)">SetProperty(GaiaColorDefault,$INFO[Window(Home).Property(GaiaColorPrimary)],Home)</onfocus>
								<onfocus condition="Integer.IsEqual(Window.Property(GaiaInitialized),1) + String.IsEqual(Window.Property(GaiaPreviousRating),1)">SetProperty(GaiaColorDefault,$INFO[Window(Home).Property(GaiaColorRated)],Home)</onfocus>

								<onup condition="Integer.IsEqual(Window.Property(GaiaInitialized),1) + !String.IsEqual(Window.Property(GaiaPreviousRating),1)">SetProperty(GaiaColorDefault,$INFO[Window(Home).Property(GaiaColorTransparent1)],Home)</onup>
								<ondown condition="Integer.IsEqual(Window.Property(GaiaInitialized),1) + !String.IsEqual(Window.Property(GaiaPreviousRating),1)">SetProperty(GaiaColorDefault,$INFO[Window(Home).Property(GaiaColorTransparent1)],Home)</ondown>
								<onup condition="Integer.IsEqual(Window.Property(GaiaInitialized),1) + String.IsEqual(Window.Property(GaiaPreviousRating),1)">SetProperty(GaiaColorDefault,$INFO[Window(Home).Property(GaiaColorTransparent2)],Home)</onup>
								<ondown condition="Integer.IsEqual(Window.Property(GaiaInitialized),1) + String.IsEqual(Window.Property(GaiaPreviousRating),1)">SetProperty(GaiaColorDefault,$INFO[Window(Home).Property(GaiaColorTransparent2)],Home)</ondown>

								<onleft>noop</onleft>
								<onright>52101</onright>
								<onup>50100</onup>
								<ondown>50100</ondown>

								<onleft condition="Integer.IsEqual(Window.Property(GaiaInitialized),1)">SetProperty(GaiaInteracted,1)</onleft>
								<onright condition="Integer.IsEqual(Window.Property(GaiaInitialized),1)">SetProperty(GaiaInteracted,1)</onright>
								<onup condition="Integer.IsEqual(Window.Property(GaiaInitialized),1)">SetProperty(GaiaInteracted,1)</onup>
								<ondown condition="Integer.IsEqual(Window.Property(GaiaInitialized),1)">SetProperty(GaiaInteracted,1)</ondown>
							</control>
							<control type="image" id="52002">
								<width>52</width>
								<height>52</height>
								<texture>special://home/addons/script.gaia.resources/resources/media/interface/rating/$INFO[Window.Property(GaiaIcon)]/outer.png</texture>
							</control>
							<control type="image" id="52003">
								<width>52</width>
								<height>52</height>
								<texture colordiffuse="$INFO[Window(Home).Property(GaiaColorSecondary)]">special://home/addons/script.gaia.resources/resources/media/interface/rating/$INFO[Window.Property(GaiaIcon)]/inner.png</texture>
								<animation effect="fade" easing="inout" tween="cubic" start="0" end="100" time="100" reversible="false" condition="Integer.IsGreaterOrEqual(Window.Property(GaiaAnimated),1) + !String.IsEqual(Window.Property(GaiaPreviousRating),1) + !String.IsEqual(Window.Property(GaiaPreviousRating),2)">VisibleChange</animation> <!-- Do not animate when already rated. Otherwise if GaiaColorDefault changes color, there is a quick flash between the 2 colors when changing rating. -->
								<visible>!Integer.IsGreaterOrEqual(Window.Property(GaiaRatingValue),1)</visible>
							</control>
							<control type="image" id="52004">
								<width>52</width>
								<height>52</height>
								<texture colordiffuse="$INFO[Window(Home).Property(GaiaColorDefault)]">special://home/addons/script.gaia.resources/resources/media/interface/rating/$INFO[Window.Property(GaiaIcon)]/inner.png</texture>
								<animation effect="fade" easing="inout" tween="cubic" start="0" end="100" time="100" reversible="false" condition="Integer.IsGreaterOrEqual(Window.Property(GaiaAnimated),1) + !String.IsEqual(Window.Property(GaiaPreviousRating),1) + !String.IsEqual(Window.Property(GaiaPreviousRating),2)">VisibleChange</animation> <!-- Do not animate when already rated. Otherwise if GaiaColorDefault changes color, there is a quick flash between the 2 colors when changing rating. -->
								<visible>Integer.IsGreaterOrEqual(Window.Property(GaiaRatingValue),1)</visible>
							</control>
						</control>

						<!-- CONTENT - RATER - BUTTON 2 -->
						<control type="group" id="52100">
							<animation effect="fade" easing="inout" tween="cubic" start="0" end="100" time="500" delay="100" reversible="false" condition="Integer.IsGreaterOrEqual(Window.Property(GaiaAnimated),4) + Integer.IsEqual(Window.Property(GaiaInitialized),1)">Conditional</animation>
							<control type="button" id="52101">
			      				<description>Rate As 2</description>
								<width>52</width>
								<height>52</height>

								<!-- Otherwise some skins add a button highlight (eg Aeon Nox). -->
								<texturenofocus></texturenofocus>
								<texturefocus></texturefocus>

								<onfocus>SetProperty(GaiaRatingValue,2)</onfocus>
								<onfocus>SetProperty(GaiaRatingLabel,$INFO[Window.Property(GaiaRatingTag2)])</onfocus>

								<onfocus condition="Integer.IsEqual(Window.Property(GaiaInitialized),1) + !Integer.IsEqual(Window.Property(GaiaPreviousRating),2)">SetProperty(GaiaColorDefault,$INFO[Window(Home).Property(GaiaColorPrimary)],Home)</onfocus>
								<onfocus condition="Integer.IsEqual(Window.Property(GaiaInitialized),1) + Integer.IsEqual(Window.Property(GaiaPreviousRating),2)">SetProperty(GaiaColorDefault,$INFO[Window(Home).Property(GaiaColorRated)],Home)</onfocus>

								<onup condition="Integer.IsEqual(Window.Property(GaiaInitialized),1) + !String.IsEqual(Window.Property(GaiaPreviousRating),2)">SetProperty(GaiaColorDefault,$INFO[Window(Home).Property(GaiaColorTransparent1)],Home)</onup>
								<ondown condition="Integer.IsEqual(Window.Property(GaiaInitialized),1) + !String.IsEqual(Window.Property(GaiaPreviousRating),2)">SetProperty(GaiaColorDefault,$INFO[Window(Home).Property(GaiaColorTransparent1)],Home)</ondown>
								<onup condition="Integer.IsEqual(Window.Property(GaiaInitialized),1) + String.IsEqual(Window.Property(GaiaPreviousRating),2)">SetProperty(GaiaColorDefault,$INFO[Window(Home).Property(GaiaColorTransparent2)],Home)</onup>
								<ondown condition="Integer.IsEqual(Window.Property(GaiaInitialized),1) + String.IsEqual(Window.Property(GaiaPreviousRating),2)">SetProperty(GaiaColorDefault,$INFO[Window(Home).Property(GaiaColorTransparent2)],Home)</ondown>

								<onleft>52001</onleft>
								<onright>52201</onright>
								<onup>50100</onup>
								<ondown>50100</ondown>

								<onleft condition="Integer.IsEqual(Window.Property(GaiaInitialized),1)">SetProperty(GaiaInteracted,1)</onleft>
								<onright condition="Integer.IsEqual(Window.Property(GaiaInitialized),1)">SetProperty(GaiaInteracted,1)</onright>
								<onup condition="Integer.IsEqual(Window.Property(GaiaInitialized),1)">SetProperty(GaiaInteracted,1)</onup>
								<ondown condition="Integer.IsEqual(Window.Property(GaiaInitialized),1)">SetProperty(GaiaInteracted,1)</ondown>
							</control>
							<control type="image" id="52102">
								<width>52</width>
								<height>52</height>
								<texture>special://home/addons/script.gaia.resources/resources/media/interface/rating/$INFO[Window.Property(GaiaIcon)]/outer.png</texture>
							</control>
							<control type="image" id="52103">
								<width>52</width>
								<height>52</height>
								<texture colordiffuse="$INFO[Window(Home).Property(GaiaColorSecondary)]">special://home/addons/script.gaia.resources/resources/media/interface/rating/$INFO[Window.Property(GaiaIcon)]/inner.png</texture>
								<animation effect="fade" easing="inout" tween="cubic" start="0" end="100" time="100" reversible="false" condition="Integer.IsGreaterOrEqual(Window.Property(GaiaAnimated),1) + !String.IsEqual(Window.Property(GaiaPreviousRating),1) + !String.IsEqual(Window.Property(GaiaPreviousRating),2) + !String.IsEqual(Window.Property(GaiaPreviousRating),3)">VisibleChange</animation>
								<visible>!Integer.IsGreaterOrEqual(Window.Property(GaiaRatingValue),2)</visible>
							</control>
							<control type="image" id="52104">
								<width>52</width>
								<height>52</height>
								<texture colordiffuse="$INFO[Window(Home).Property(GaiaColorDefault)]">special://home/addons/script.gaia.resources/resources/media/interface/rating/$INFO[Window.Property(GaiaIcon)]/inner.png</texture>
								<animation effect="fade" easing="inout" tween="cubic" start="0" end="100" time="100" reversible="false" condition="Integer.IsGreaterOrEqual(Window.Property(GaiaAnimated),1) + !String.IsEqual(Window.Property(GaiaPreviousRating),1) + !String.IsEqual(Window.Property(GaiaPreviousRating),2) + !String.IsEqual(Window.Property(GaiaPreviousRating),3)">VisibleChange</animation>
								<visible>Integer.IsGreaterOrEqual(Window.Property(GaiaRatingValue),2)</visible>
							</control>
						</control>

						<!-- CONTENT - RATER - BUTTON 3 -->
						<control type="group" id="52200">
							<animation effect="fade" easing="inout" tween="cubic" start="0" end="100" time="500" delay="150" reversible="false" condition="Integer.IsGreaterOrEqual(Window.Property(GaiaAnimated),4) + Integer.IsEqual(Window.Property(GaiaInitialized),1)">Conditional</animation>
							<control type="button" id="52201">
			      				<description>Rate As 3</description>
								<width>52</width>
								<height>52</height>

								<!-- Otherwise some skins add a button highlight (eg Aeon Nox). -->
								<texturenofocus></texturenofocus>
								<texturefocus></texturefocus>

								<onfocus>SetProperty(GaiaRatingValue,3)</onfocus>
								<onfocus>SetProperty(GaiaRatingLabel,$INFO[Window.Property(GaiaRatingTag3)])</onfocus>

								<onfocus condition="Integer.IsEqual(Window.Property(GaiaInitialized),1) + !String.IsEqual(Window.Property(GaiaPreviousRating),3)">SetProperty(GaiaColorDefault,$INFO[Window(Home).Property(GaiaColorPrimary)],Home)</onfocus>
								<onfocus condition="Integer.IsEqual(Window.Property(GaiaInitialized),1) + String.IsEqual(Window.Property(GaiaPreviousRating),3)">SetProperty(GaiaColorDefault,$INFO[Window(Home).Property(GaiaColorRated)],Home)</onfocus>

								<onup condition="Integer.IsEqual(Window.Property(GaiaInitialized),1) + !String.IsEqual(Window.Property(GaiaPreviousRating),3)">SetProperty(GaiaColorDefault,$INFO[Window(Home).Property(GaiaColorTransparent1)],Home)</onup>
								<ondown condition="Integer.IsEqual(Window.Property(GaiaInitialized),1) + !String.IsEqual(Window.Property(GaiaPreviousRating),3)">SetProperty(GaiaColorDefault,$INFO[Window(Home).Property(GaiaColorTransparent1)],Home)</ondown>
								<onup condition="Integer.IsEqual(Window.Property(GaiaInitialized),1) + String.IsEqual(Window.Property(GaiaPreviousRating),3)">SetProperty(GaiaColorDefault,$INFO[Window(Home).Property(GaiaColorTransparent2)],Home)</onup>
								<ondown condition="Integer.IsEqual(Window.Property(GaiaInitialized),1) + String.IsEqual(Window.Property(GaiaPreviousRating),3)">SetProperty(GaiaColorDefault,$INFO[Window(Home).Property(GaiaColorTransparent2)],Home)</ondown>

								<onleft>52101</onleft>
								<onright>52301</onright>
								<onup>50100</onup>
								<ondown>50100</ondown>

								<onleft condition="Integer.IsEqual(Window.Property(GaiaInitialized),1)">SetProperty(GaiaInteracted,1)</onleft>
								<onright condition="Integer.IsEqual(Window.Property(GaiaInitialized),1)">SetProperty(GaiaInteracted,1)</onright>
								<onup condition="Integer.IsEqual(Window.Property(GaiaInitialized),1)">SetProperty(GaiaInteracted,1)</onup>
								<ondown condition="Integer.IsEqual(Window.Property(GaiaInitialized),1)">SetProperty(GaiaInteracted,1)</ondown>
							</control>
							<control type="image" id="52202">
								<width>52</width>
								<height>52</height>
								<texture>special://home/addons/script.gaia.resources/resources/media/interface/rating/$INFO[Window.Property(GaiaIcon)]/outer.png</texture>
							</control>
							<control type="image" id="52203">
								<width>52</width>
								<height>52</height>
								<texture colordiffuse="$INFO[Window(Home).Property(GaiaColorSecondary)]">special://home/addons/script.gaia.resources/resources/media/interface/rating/$INFO[Window.Property(GaiaIcon)]/inner.png</texture>
								<animation effect="fade" easing="inout" tween="cubic" start="0" end="100" time="100" reversible="false" condition="Integer.IsGreaterOrEqual(Window.Property(GaiaAnimated),1) + !String.IsEqual(Window.Property(GaiaPreviousRating),2) + !String.IsEqual(Window.Property(GaiaPreviousRating),3) + !String.IsEqual(Window.Property(GaiaPreviousRating),4)">VisibleChange</animation>
								<visible>!Integer.IsGreaterOrEqual(Window.Property(GaiaRatingValue),3)</visible>
							</control>
							<control type="image" id="52204">
								<width>52</width>
								<height>52</height>
								<texture colordiffuse="$INFO[Window(Home).Property(GaiaColorDefault)]">special://home/addons/script.gaia.resources/resources/media/interface/rating/$INFO[Window.Property(GaiaIcon)]/inner.png</texture>
								<animation effect="fade" easing="inout" tween="cubic" start="0" end="100" time="100" reversible="false" condition="Integer.IsGreaterOrEqual(Window.Property(GaiaAnimated),1) + !String.IsEqual(Window.Property(GaiaPreviousRating),2) + !String.IsEqual(Window.Property(GaiaPreviousRating),3) + !String.IsEqual(Window.Property(GaiaPreviousRating),4)">VisibleChange</animation>
								<visible>Integer.IsGreaterOrEqual(Window.Property(GaiaRatingValue),3)</visible>
							</control>
						</control>

						<!-- CONTENT - RATER - BUTTON 4 -->
						<control type="group" id="52300">
							<animation effect="fade" easing="inout" tween="cubic" start="0" end="100" time="500" delay="200" reversible="false" condition="Integer.IsGreaterOrEqual(Window.Property(GaiaAnimated),4) + Integer.IsEqual(Window.Property(GaiaInitialized),1)">Conditional</animation>
							<control type="button" id="52301">
			      				<description>Rate As 4</description>
								<width>52</width>
								<height>52</height>

								<!-- Otherwise some skins add a button highlight (eg Aeon Nox). -->
								<texturenofocus></texturenofocus>
								<texturefocus></texturefocus>

								<onfocus>SetProperty(GaiaRatingValue,4)</onfocus>
								<onfocus>SetProperty(GaiaRatingLabel,$INFO[Window.Property(GaiaRatingTag4)])</onfocus>

								<onfocus condition="Integer.IsEqual(Window.Property(GaiaInitialized),1) + !String.IsEqual(Window.Property(GaiaPreviousRating),4)">SetProperty(GaiaColorDefault,$INFO[Window(Home).Property(GaiaColorPrimary)],Home)</onfocus>
								<onfocus condition="Integer.IsEqual(Window.Property(GaiaInitialized),1) + String.IsEqual(Window.Property(GaiaPreviousRating),4)">SetProperty(GaiaColorDefault,$INFO[Window(Home).Property(GaiaColorRated)],Home)</onfocus>

								<onup condition="Integer.IsEqual(Window.Property(GaiaInitialized),1) + !String.IsEqual(Window.Property(GaiaPreviousRating),4)">SetProperty(GaiaColorDefault,$INFO[Window(Home).Property(GaiaColorTransparent1)],Home)</onup>
								<ondown condition="Integer.IsEqual(Window.Property(GaiaInitialized),1) + !String.IsEqual(Window.Property(GaiaPreviousRating),4)">SetProperty(GaiaColorDefault,$INFO[Window(Home).Property(GaiaColorTransparent1)],Home)</ondown>
								<onup condition="Integer.IsEqual(Window.Property(GaiaInitialized),1) + String.IsEqual(Window.Property(GaiaPreviousRating),4)">SetProperty(GaiaColorDefault,$INFO[Window(Home).Property(GaiaColorTransparent2)],Home)</onup>
								<ondown condition="Integer.IsEqual(Window.Property(GaiaInitialized),1) + String.IsEqual(Window.Property(GaiaPreviousRating),4)">SetProperty(GaiaColorDefault,$INFO[Window(Home).Property(GaiaColorTransparent2)],Home)</ondown>

								<onleft>52201</onleft>
								<onright>52401</onright>
								<onup>50100</onup>
								<ondown>50100</ondown>

								<onleft condition="Integer.IsEqual(Window.Property(GaiaInitialized),1)">SetProperty(GaiaInteracted,1)</onleft>
								<onright condition="Integer.IsEqual(Window.Property(GaiaInitialized),1)">SetProperty(GaiaInteracted,1)</onright>
								<onup condition="Integer.IsEqual(Window.Property(GaiaInitialized),1)">SetProperty(GaiaInteracted,1)</onup>
								<ondown condition="Integer.IsEqual(Window.Property(GaiaInitialized),1)">SetProperty(GaiaInteracted,1)</ondown>
							</control>
							<control type="image" id="52302">
								<width>52</width>
								<height>52</height>
								<texture>special://home/addons/script.gaia.resources/resources/media/interface/rating/$INFO[Window.Property(GaiaIcon)]/outer.png</texture>
							</control>
							<control type="image" id="52303">
								<width>52</width>
								<height>52</height>
								<texture colordiffuse="$INFO[Window(Home).Property(GaiaColorSecondary)]">special://home/addons/script.gaia.resources/resources/media/interface/rating/$INFO[Window.Property(GaiaIcon)]/inner.png</texture>
								<animation effect="fade" easing="inout" tween="cubic" start="0" end="100" time="100" reversible="false" condition="Integer.IsGreaterOrEqual(Window.Property(GaiaAnimated),1) + !String.IsEqual(Window.Property(GaiaPreviousRating),3) + !String.IsEqual(Window.Property(GaiaPreviousRating),4) + !String.IsEqual(Window.Property(GaiaPreviousRating),5)">VisibleChange</animation>
								<visible>!Integer.IsGreaterOrEqual(Window.Property(GaiaRatingValue),4)</visible>
							</control>
							<control type="image" id="52304">
								<width>52</width>
								<height>52</height>
								<texture colordiffuse="$INFO[Window(Home).Property(GaiaColorDefault)]">special://home/addons/script.gaia.resources/resources/media/interface/rating/$INFO[Window.Property(GaiaIcon)]/inner.png</texture>
								<animation effect="fade" easing="inout" tween="cubic" start="0" end="100" time="100" reversible="false" condition="Integer.IsGreaterOrEqual(Window.Property(GaiaAnimated),1) + !String.IsEqual(Window.Property(GaiaPreviousRating),3) + !String.IsEqual(Window.Property(GaiaPreviousRating),4) + !String.IsEqual(Window.Property(GaiaPreviousRating),5)">VisibleChange</animation>
								<visible>Integer.IsGreaterOrEqual(Window.Property(GaiaRatingValue),4)</visible>
							</control>
						</control>

						<!-- CONTENT - RATER - BUTTON 5 -->
						<control type="group" id="52400">
							<animation effect="fade" easing="inout" tween="cubic" start="0" end="100" time="500" delay="250" reversible="false" condition="Integer.IsGreaterOrEqual(Window.Property(GaiaAnimated),4) + Integer.IsEqual(Window.Property(GaiaInitialized),1)">Conditional</animation>
							<control type="button" id="52401">
			      				<description>Rate As 5</description>
								<width>52</width>
								<height>52</height>

								<!-- Otherwise some skins add a button highlight (eg Aeon Nox). -->
								<texturenofocus></texturenofocus>
								<texturefocus></texturefocus>

								<onfocus>SetProperty(GaiaRatingValue,5)</onfocus>
								<onfocus>SetProperty(GaiaRatingLabel,$INFO[Window.Property(GaiaRatingTag5)])</onfocus>

								<onfocus condition="Integer.IsEqual(Window.Property(GaiaInitialized),1) + !String.IsEqual(Window.Property(GaiaPreviousRating),5)">SetProperty(GaiaColorDefault,$INFO[Window(Home).Property(GaiaColorPrimary)],Home)</onfocus>
								<onfocus condition="Integer.IsEqual(Window.Property(GaiaInitialized),1) + String.IsEqual(Window.Property(GaiaPreviousRating),5)">SetProperty(GaiaColorDefault,$INFO[Window(Home).Property(GaiaColorRated)],Home)</onfocus>

								<onup condition="Integer.IsEqual(Window.Property(GaiaInitialized),1) + !String.IsEqual(Window.Property(GaiaPreviousRating),5)">SetProperty(GaiaColorDefault,$INFO[Window(Home).Property(GaiaColorTransparent1)],Home)</onup>
								<ondown condition="Integer.IsEqual(Window.Property(GaiaInitialized),1) + !String.IsEqual(Window.Property(GaiaPreviousRating),5)">SetProperty(GaiaColorDefault,$INFO[Window(Home).Property(GaiaColorTransparent1)],Home)</ondown>
								<onup condition="Integer.IsEqual(Window.Property(GaiaInitialized),1) + String.IsEqual(Window.Property(GaiaPreviousRating),5)">SetProperty(GaiaColorDefault,$INFO[Window(Home).Property(GaiaColorTransparent2)],Home)</onup>
								<ondown condition="Integer.IsEqual(Window.Property(GaiaInitialized),1) + String.IsEqual(Window.Property(GaiaPreviousRating),5)">SetProperty(GaiaColorDefault,$INFO[Window(Home).Property(GaiaColorTransparent2)],Home)</ondown>

								<onleft>52301</onleft>
								<onright>52501</onright>
								<onup>50100</onup>
								<ondown>50100</ondown>

								<onleft condition="Integer.IsEqual(Window.Property(GaiaInitialized),1)">SetProperty(GaiaInteracted,1)</onleft>
								<onright condition="Integer.IsEqual(Window.Property(GaiaInitialized),1)">SetProperty(GaiaInteracted,1)</onright>
								<onup condition="Integer.IsEqual(Window.Property(GaiaInitialized),1)">SetProperty(GaiaInteracted,1)</onup>
								<ondown condition="Integer.IsEqual(Window.Property(GaiaInitialized),1)">SetProperty(GaiaInteracted,1)</ondown>
							</control>
							<control type="image" id="52402">
								<width>52</width>
								<height>52</height>
								<texture>special://home/addons/script.gaia.resources/resources/media/interface/rating/$INFO[Window.Property(GaiaIcon)]/outer.png</texture>
							</control>
							<control type="image" id="52403">
								<width>52</width>
								<height>52</height>
								<texture colordiffuse="$INFO[Window(Home).Property(GaiaColorSecondary)]">special://home/addons/script.gaia.resources/resources/media/interface/rating/$INFO[Window.Property(GaiaIcon)]/inner.png</texture>
								<animation effect="fade" easing="inout" tween="cubic" start="0" end="100" time="100" reversible="false" condition="Integer.IsGreaterOrEqual(Window.Property(GaiaAnimated),1) + !String.IsEqual(Window.Property(GaiaPreviousRating),4) + !String.IsEqual(Window.Property(GaiaPreviousRating),5) + !String.IsEqual(Window.Property(GaiaPreviousRating),6)">VisibleChange</animation>
								<visible>!Integer.IsGreaterOrEqual(Window.Property(GaiaRatingValue),5)</visible>
							</control>
							<control type="image" id="52404">
								<width>52</width>
								<height>52</height>
								<texture colordiffuse="$INFO[Window(Home).Property(GaiaColorDefault)]">special://home/addons/script.gaia.resources/resources/media/interface/rating/$INFO[Window.Property(GaiaIcon)]/inner.png</texture>
								<animation effect="fade" easing="inout" tween="cubic" start="0" end="100" time="100" reversible="false" condition="Integer.IsGreaterOrEqual(Window.Property(GaiaAnimated),1) + !String.IsEqual(Window.Property(GaiaPreviousRating),4) + !String.IsEqual(Window.Property(GaiaPreviousRating),5) + !String.IsEqual(Window.Property(GaiaPreviousRating),6)">VisibleChange</animation>
								<visible>Integer.IsGreaterOrEqual(Window.Property(GaiaRatingValue),5)</visible>
							</control>
						</control>

						<!-- CONTENT - RATER - BUTTON 6 -->
						<control type="group" id="52500">
							<animation effect="fade" easing="inout" tween="cubic" start="0" end="100" time="500" delay="300" reversible="false" condition="Integer.IsGreaterOrEqual(Window.Property(GaiaAnimated),4) + Integer.IsEqual(Window.Property(GaiaInitialized),1)">Conditional</animation>
							<control type="button" id="52501">
			      				<description>Rate As 6</description>
								<width>52</width>
								<height>52</height>

								<!-- Otherwise some skins add a button highlight (eg Aeon Nox). -->
								<texturenofocus></texturenofocus>
								<texturefocus></texturefocus>

								<onfocus>SetProperty(GaiaRatingValue,6)</onfocus>
								<onfocus>SetProperty(GaiaRatingLabel,$INFO[Window.Property(GaiaRatingTag6)])</onfocus>

								<onfocus condition="Integer.IsEqual(Window.Property(GaiaInitialized),1) + !String.IsEqual(Window.Property(GaiaPreviousRating),6)">SetProperty(GaiaColorDefault,$INFO[Window(Home).Property(GaiaColorPrimary)],Home)</onfocus>
								<onfocus condition="Integer.IsEqual(Window.Property(GaiaInitialized),1) + String.IsEqual(Window.Property(GaiaPreviousRating),6)">SetProperty(GaiaColorDefault,$INFO[Window(Home).Property(GaiaColorRated)],Home)</onfocus>

								<onup condition="Integer.IsEqual(Window.Property(GaiaInitialized),1) + !String.IsEqual(Window.Property(GaiaPreviousRating),6)">SetProperty(GaiaColorDefault,$INFO[Window(Home).Property(GaiaColorTransparent1)],Home)</onup>
								<ondown condition="Integer.IsEqual(Window.Property(GaiaInitialized),1) + !String.IsEqual(Window.Property(GaiaPreviousRating),6)">SetProperty(GaiaColorDefault,$INFO[Window(Home).Property(GaiaColorTransparent1)],Home)</ondown>
								<onup condition="Integer.IsEqual(Window.Property(GaiaInitialized),1) + String.IsEqual(Window.Property(GaiaPreviousRating),6)">SetProperty(GaiaColorDefault,$INFO[Window(Home).Property(GaiaColorTransparent2)],Home)</onup>
								<ondown condition="Integer.IsEqual(Window.Property(GaiaInitialized),1) + String.IsEqual(Window.Property(GaiaPreviousRating),6)">SetProperty(GaiaColorDefault,$INFO[Window(Home).Property(GaiaColorTransparent2)],Home)</ondown>

								<onleft>52401</onleft>
								<onright>52601</onright>
								<onup>50100</onup>
								<ondown>50100</ondown>

								<onleft condition="Integer.IsEqual(Window.Property(GaiaInitialized),1)">SetProperty(GaiaInteracted,1)</onleft>
								<onright condition="Integer.IsEqual(Window.Property(GaiaInitialized),1)">SetProperty(GaiaInteracted,1)</onright>
								<onup condition="Integer.IsEqual(Window.Property(GaiaInitialized),1)">SetProperty(GaiaInteracted,1)</onup>
								<ondown condition="Integer.IsEqual(Window.Property(GaiaInitialized),1)">SetProperty(GaiaInteracted,1)</ondown>
							</control>
							<control type="image" id="52502">
								<width>52</width>
								<height>52</height>
								<texture>special://home/addons/script.gaia.resources/resources/media/interface/rating/$INFO[Window.Property(GaiaIcon)]/outer.png</texture>
							</control>
							<control type="image" id="52503">
								<width>52</width>
								<height>52</height>
								<texture colordiffuse="$INFO[Window(Home).Property(GaiaColorSecondary)]">special://home/addons/script.gaia.resources/resources/media/interface/rating/$INFO[Window.Property(GaiaIcon)]/inner.png</texture>
								<animation effect="fade" easing="inout" tween="cubic" start="0" end="100" time="100" reversible="false" condition="Integer.IsGreaterOrEqual(Window.Property(GaiaAnimated),1) + !String.IsEqual(Window.Property(GaiaPreviousRating),5) + !String.IsEqual(Window.Property(GaiaPreviousRating),6) + !String.IsEqual(Window.Property(GaiaPreviousRating),7)">VisibleChange</animation>
								<visible>!Integer.IsGreaterOrEqual(Window.Property(GaiaRatingValue),6)</visible>
							</control>
							<control type="image" id="52504">
								<width>52</width>
								<height>52</height>
								<texture colordiffuse="$INFO[Window(Home).Property(GaiaColorDefault)]">special://home/addons/script.gaia.resources/resources/media/interface/rating/$INFO[Window.Property(GaiaIcon)]/inner.png</texture>
								<animation effect="fade" easing="inout" tween="cubic" start="0" end="100" time="100" reversible="false" condition="Integer.IsGreaterOrEqual(Window.Property(GaiaAnimated),1) + !String.IsEqual(Window.Property(GaiaPreviousRating),5) + !String.IsEqual(Window.Property(GaiaPreviousRating),6) + !String.IsEqual(Window.Property(GaiaPreviousRating),7)">VisibleChange</animation>
								<visible>Integer.IsGreaterOrEqual(Window.Property(GaiaRatingValue),6)</visible>
							</control>
						</control>

						<!-- CONTENT - RATER - BUTTON 7 -->
						<control type="group" id="52600">
							<animation effect="fade" easing="inout" tween="cubic" start="0" end="100" time="500" delay="350" reversible="false" condition="Integer.IsGreaterOrEqual(Window.Property(GaiaAnimated),4) + Integer.IsEqual(Window.Property(GaiaInitialized),1)">Conditional</animation>
							<control type="button" id="52601">
			      				<description>Rate As 7</description>
								<width>52</width>
								<height>52</height>

								<!-- Otherwise some skins add a button highlight (eg Aeon Nox). -->
								<texturenofocus></texturenofocus>
								<texturefocus></texturefocus>

								<onfocus>SetProperty(GaiaRatingValue,7)</onfocus>
								<onfocus>SetProperty(GaiaRatingLabel,$INFO[Window.Property(GaiaRatingTag7)])</onfocus>

								<onfocus condition="Integer.IsEqual(Window.Property(GaiaInitialized),1) + !String.IsEqual(Window.Property(GaiaPreviousRating),7)">SetProperty(GaiaColorDefault,$INFO[Window(Home).Property(GaiaColorPrimary)],Home)</onfocus>
								<onfocus condition="Integer.IsEqual(Window.Property(GaiaInitialized),1) + String.IsEqual(Window.Property(GaiaPreviousRating),7)">SetProperty(GaiaColorDefault,$INFO[Window(Home).Property(GaiaColorRated)],Home)</onfocus>

								<onup condition="Integer.IsEqual(Window.Property(GaiaInitialized),1) + !String.IsEqual(Window.Property(GaiaPreviousRating),7)">SetProperty(GaiaColorDefault,$INFO[Window(Home).Property(GaiaColorTransparent1)],Home)</onup>
								<ondown condition="Integer.IsEqual(Window.Property(GaiaInitialized),1) + !String.IsEqual(Window.Property(GaiaPreviousRating),7)">SetProperty(GaiaColorDefault,$INFO[Window(Home).Property(GaiaColorTransparent1)],Home)</ondown>
								<onup condition="Integer.IsEqual(Window.Property(GaiaInitialized),1) + String.IsEqual(Window.Property(GaiaPreviousRating),7)">SetProperty(GaiaColorDefault,$INFO[Window(Home).Property(GaiaColorTransparent2)],Home)</onup>
								<ondown condition="Integer.IsEqual(Window.Property(GaiaInitialized),1) + String.IsEqual(Window.Property(GaiaPreviousRating),7)">SetProperty(GaiaColorDefault,$INFO[Window(Home).Property(GaiaColorTransparent2)],Home)</ondown>

								<onleft>52501</onleft>
								<onright>52701</onright>
								<onup>50100</onup>
								<ondown>50100</ondown>

								<onleft condition="Integer.IsEqual(Window.Property(GaiaInitialized),1)">SetProperty(GaiaInteracted,1)</onleft>
								<onright condition="Integer.IsEqual(Window.Property(GaiaInitialized),1)">SetProperty(GaiaInteracted,1)</onright>
								<onup condition="Integer.IsEqual(Window.Property(GaiaInitialized),1)">SetProperty(GaiaInteracted,1)</onup>
								<ondown condition="Integer.IsEqual(Window.Property(GaiaInitialized),1)">SetProperty(GaiaInteracted,1)</ondown>
							</control>
							<control type="image" id="52602">
								<width>52</width>
								<height>52</height>
								<texture>special://home/addons/script.gaia.resources/resources/media/interface/rating/$INFO[Window.Property(GaiaIcon)]/outer.png</texture>
							</control>
							<control type="image" id="52603">
								<width>52</width>
								<height>52</height>
								<texture colordiffuse="$INFO[Window(Home).Property(GaiaColorSecondary)]">special://home/addons/script.gaia.resources/resources/media/interface/rating/$INFO[Window.Property(GaiaIcon)]/inner.png</texture>
								<animation effect="fade" easing="inout" tween="cubic" start="0" end="100" time="100" reversible="false" condition="Integer.IsGreaterOrEqual(Window.Property(GaiaAnimated),1) + !String.IsEqual(Window.Property(GaiaPreviousRating),6) + !String.IsEqual(Window.Property(GaiaPreviousRating),7) + !String.IsEqual(Window.Property(GaiaPreviousRating),8)">VisibleChange</animation>
								<visible>!Integer.IsGreaterOrEqual(Window.Property(GaiaRatingValue),7)</visible>
							</control>
							<control type="image" id="52604">
								<width>52</width>
								<height>52</height>
								<texture colordiffuse="$INFO[Window(Home).Property(GaiaColorDefault)]">special://home/addons/script.gaia.resources/resources/media/interface/rating/$INFO[Window.Property(GaiaIcon)]/inner.png</texture>
								<animation effect="fade" easing="inout" tween="cubic" start="0" end="100" time="100" reversible="false" condition="Integer.IsGreaterOrEqual(Window.Property(GaiaAnimated),1) + !String.IsEqual(Window.Property(GaiaPreviousRating),6) + !String.IsEqual(Window.Property(GaiaPreviousRating),7) + !String.IsEqual(Window.Property(GaiaPreviousRating),8)">VisibleChange</animation>
								<visible>Integer.IsGreaterOrEqual(Window.Property(GaiaRatingValue),7)</visible>
							</control>
						</control>

						<!-- CONTENT - RATER - BUTTON 8 -->
						<control type="group" id="52700">
							<animation effect="fade" easing="inout" tween="cubic" start="0" end="100" time="500" delay="400" reversible="false" condition="Integer.IsGreaterOrEqual(Window.Property(GaiaAnimated),4) + Integer.IsEqual(Window.Property(GaiaInitialized),1)">Conditional</animation>
							<control type="button" id="52701">
			      				<description>Rate As 8</description>
								<width>52</width>
								<height>52</height>

								<!-- Otherwise some skins add a button highlight (eg Aeon Nox). -->
								<texturenofocus></texturenofocus>
								<texturefocus></texturefocus>

								<onfocus>SetProperty(GaiaRatingValue,8)</onfocus>
								<onfocus>SetProperty(GaiaRatingLabel,$INFO[Window.Property(GaiaRatingTag8)])</onfocus>

								<onfocus condition="Integer.IsEqual(Window.Property(GaiaInitialized),1) + !String.IsEqual(Window.Property(GaiaPreviousRating),8)">SetProperty(GaiaColorDefault,$INFO[Window(Home).Property(GaiaColorPrimary)],Home)</onfocus>
								<onfocus condition="Integer.IsEqual(Window.Property(GaiaInitialized),1) + String.IsEqual(Window.Property(GaiaPreviousRating),8)">SetProperty(GaiaColorDefault,$INFO[Window(Home).Property(GaiaColorRated)],Home)</onfocus>

								<onup condition="Integer.IsEqual(Window.Property(GaiaInitialized),1) + !String.IsEqual(Window.Property(GaiaPreviousRating),8)">SetProperty(GaiaColorDefault,$INFO[Window(Home).Property(GaiaColorTransparent1)],Home)</onup>
								<ondown condition="Integer.IsEqual(Window.Property(GaiaInitialized),1) + !String.IsEqual(Window.Property(GaiaPreviousRating),8)">SetProperty(GaiaColorDefault,$INFO[Window(Home).Property(GaiaColorTransparent1)],Home)</ondown>
								<onup condition="Integer.IsEqual(Window.Property(GaiaInitialized),1) + String.IsEqual(Window.Property(GaiaPreviousRating),8)">SetProperty(GaiaColorDefault,$INFO[Window(Home).Property(GaiaColorTransparent2)],Home)</onup>
								<ondown condition="Integer.IsEqual(Window.Property(GaiaInitialized),1) + String.IsEqual(Window.Property(GaiaPreviousRating),8)">SetProperty(GaiaColorDefault,$INFO[Window(Home).Property(GaiaColorTransparent2)],Home)</ondown>

								<onleft>52601</onleft>
								<onright>52801</onright>
								<onup>50100</onup>
								<ondown>50100</ondown>

								<onleft condition="Integer.IsEqual(Window.Property(GaiaInitialized),1)">SetProperty(GaiaInteracted,1)</onleft>
								<onright condition="Integer.IsEqual(Window.Property(GaiaInitialized),1)">SetProperty(GaiaInteracted,1)</onright>
								<onup condition="Integer.IsEqual(Window.Property(GaiaInitialized),1)">SetProperty(GaiaInteracted,1)</onup>
								<ondown condition="Integer.IsEqual(Window.Property(GaiaInitialized),1)">SetProperty(GaiaInteracted,1)</ondown>
							</control>
							<control type="image" id="52702">
								<width>52</width>
								<height>52</height>
								<texture>special://home/addons/script.gaia.resources/resources/media/interface/rating/$INFO[Window.Property(GaiaIcon)]/outer.png</texture>
							</control>
							<control type="image" id="52703">
								<width>52</width>
								<height>52</height>
								<texture colordiffuse="$INFO[Window(Home).Property(GaiaColorSecondary)]">special://home/addons/script.gaia.resources/resources/media/interface/rating/$INFO[Window.Property(GaiaIcon)]/inner.png</texture>
								<animation effect="fade" easing="inout" tween="cubic" start="0" end="100" time="100" reversible="false" condition="Integer.IsGreaterOrEqual(Window.Property(GaiaAnimated),1) + !String.IsEqual(Window.Property(GaiaPreviousRating),7) + !String.IsEqual(Window.Property(GaiaPreviousRating),8) + !String.IsEqual(Window.Property(GaiaPreviousRating),9)">VisibleChange</animation>
								<visible>!Integer.IsGreaterOrEqual(Window.Property(GaiaRatingValue),8)</visible>
							</control>
							<control type="image" id="52704">
								<width>52</width>
								<height>52</height>
								<texture colordiffuse="$INFO[Window(Home).Property(GaiaColorDefault)]">special://home/addons/script.gaia.resources/resources/media/interface/rating/$INFO[Window.Property(GaiaIcon)]/inner.png</texture>
								<animation effect="fade" easing="inout" tween="cubic" start="0" end="100" time="100" reversible="false" condition="Integer.IsGreaterOrEqual(Window.Property(GaiaAnimated),1) + !String.IsEqual(Window.Property(GaiaPreviousRating),7) + !String.IsEqual(Window.Property(GaiaPreviousRating),8) + !String.IsEqual(Window.Property(GaiaPreviousRating),9)">VisibleChange</animation>
								<visible>Integer.IsGreaterOrEqual(Window.Property(GaiaRatingValue),8)</visible>
							</control>
						</control>

						<!-- CONTENT - RATER - BUTTON 9 -->
						<control type="group" id="52800">
							<animation effect="fade" easing="inout" tween="cubic" start="0" end="100" time="500" delay="450" reversible="false" condition="Integer.IsGreaterOrEqual(Window.Property(GaiaAnimated),4) + Integer.IsEqual(Window.Property(GaiaInitialized),1)">Conditional</animation>
							<control type="button" id="52801">
			      				<description>Rate As 9</description>
								<width>52</width>
								<height>52</height>

								<!-- Otherwise some skins add a button highlight (eg Aeon Nox). -->
								<texturenofocus></texturenofocus>
								<texturefocus></texturefocus>

								<onfocus>SetProperty(GaiaRatingValue,9)</onfocus>
								<onfocus>SetProperty(GaiaRatingLabel,$INFO[Window.Property(GaiaRatingTag9)])</onfocus>

								<onfocus condition="Integer.IsEqual(Window.Property(GaiaInitialized),1) + !String.IsEqual(Window.Property(GaiaPreviousRating),9)">SetProperty(GaiaColorDefault,$INFO[Window(Home).Property(GaiaColorPrimary)],Home)</onfocus>
								<onfocus condition="Integer.IsEqual(Window.Property(GaiaInitialized),1) + String.IsEqual(Window.Property(GaiaPreviousRating),9)">SetProperty(GaiaColorDefault,$INFO[Window(Home).Property(GaiaColorRated)],Home)</onfocus>

								<onup condition="Integer.IsEqual(Window.Property(GaiaInitialized),1) + !String.IsEqual(Window.Property(GaiaPreviousRating),9)">SetProperty(GaiaColorDefault,$INFO[Window(Home).Property(GaiaColorTransparent1)],Home)</onup>
								<ondown condition="Integer.IsEqual(Window.Property(GaiaInitialized),1) + !String.IsEqual(Window.Property(GaiaPreviousRating),9)">SetProperty(GaiaColorDefault,$INFO[Window(Home).Property(GaiaColorTransparent1)],Home)</ondown>
								<onup condition="Integer.IsEqual(Window.Property(GaiaInitialized),1) + String.IsEqual(Window.Property(GaiaPreviousRating),9)">SetProperty(GaiaColorDefault,$INFO[Window(Home).Property(GaiaColorTransparent2)],Home)</onup>
								<ondown condition="Integer.IsEqual(Window.Property(GaiaInitialized),1) + String.IsEqual(Window.Property(GaiaPreviousRating),9)">SetProperty(GaiaColorDefault,$INFO[Window(Home).Property(GaiaColorTransparent2)],Home)</ondown>

								<onleft>52701</onleft>
								<onright>52901</onright>
								<onup>50100</onup>
								<ondown>50100</ondown>

								<onleft condition="Integer.IsEqual(Window.Property(GaiaInitialized),1)">SetProperty(GaiaInteracted,1)</onleft>
								<onright condition="Integer.IsEqual(Window.Property(GaiaInitialized),1)">SetProperty(GaiaInteracted,1)</onright>
								<onup condition="Integer.IsEqual(Window.Property(GaiaInitialized),1)">SetProperty(GaiaInteracted,1)</onup>
								<ondown condition="Integer.IsEqual(Window.Property(GaiaInitialized),1)">SetProperty(GaiaInteracted,1)</ondown>
							</control>
							<control type="image" id="52802">
								<width>52</width>
								<height>52</height>
								<texture>special://home/addons/script.gaia.resources/resources/media/interface/rating/$INFO[Window.Property(GaiaIcon)]/outer.png</texture>
							</control>
							<control type="image" id="52803">
								<width>52</width>
								<height>52</height>
								<texture colordiffuse="$INFO[Window(Home).Property(GaiaColorSecondary)]">special://home/addons/script.gaia.resources/resources/media/interface/rating/$INFO[Window.Property(GaiaIcon)]/inner.png</texture>
								<animation effect="fade" easing="inout" tween="cubic" start="0" end="100" time="100" reversible="false" condition="Integer.IsGreaterOrEqual(Window.Property(GaiaAnimated),1) + !String.IsEqual(Window.Property(GaiaPreviousRating),8) + !String.IsEqual(Window.Property(GaiaPreviousRating),9) + !String.IsEqual(Window.Property(GaiaPreviousRating),10)">VisibleChange</animation>
								<visible>!Integer.IsGreaterOrEqual(Window.Property(GaiaRatingValue),9)</visible>
							</control>
							<control type="image" id="52804">
								<width>52</width>
								<height>52</height>
								<texture colordiffuse="$INFO[Window(Home).Property(GaiaColorDefault)]">special://home/addons/script.gaia.resources/resources/media/interface/rating/$INFO[Window.Property(GaiaIcon)]/inner.png</texture>
								<animation effect="fade" easing="inout" tween="cubic" start="0" end="100" time="100" reversible="false" condition="Integer.IsGreaterOrEqual(Window.Property(GaiaAnimated),1) + !String.IsEqual(Window.Property(GaiaPreviousRating),8) + !String.IsEqual(Window.Property(GaiaPreviousRating),9) + !String.IsEqual(Window.Property(GaiaPreviousRating),10)">VisibleChange</animation>
								<visible>Integer.IsGreaterOrEqual(Window.Property(GaiaRatingValue),9)</visible>
							</control>
						</control>

						<!-- CONTENT - RATER - BUTTON 10 -->
						<control type="group" id="52900">
							<animation effect="fade" easing="inout" tween="cubic" start="0" end="100" time="500" delay="500" reversible="false" condition="Integer.IsGreaterOrEqual(Window.Property(GaiaAnimated),4) + Integer.IsEqual(Window.Property(GaiaInitialized),1)">Conditional</animation>
							<control type="button" id="52901">
			      				<description>Rate As 10</description>
								<width>52</width>
								<height>52</height>

								<!-- Otherwise some skins add a button highlight (eg Aeon Nox). -->
								<texturenofocus></texturenofocus>
								<texturefocus></texturefocus>

								<onfocus>SetProperty(GaiaRatingValue,10)</onfocus>
								<onfocus>SetProperty(GaiaRatingLabel,$INFO[Window.Property(GaiaRatingTag10)])</onfocus>

								<onfocus condition="Integer.IsEqual(Window.Property(GaiaInitialized),1) + !String.IsEqual(Window.Property(GaiaPreviousRating),10)">SetProperty(GaiaColorDefault,$INFO[Window(Home).Property(GaiaColorPrimary)],Home)</onfocus>
								<onfocus condition="Integer.IsEqual(Window.Property(GaiaInitialized),1) + String.IsEqual(Window.Property(GaiaPreviousRating),10)">SetProperty(GaiaColorDefault,$INFO[Window(Home).Property(GaiaColorRated)],Home)</onfocus>

								<onup condition="Integer.IsEqual(Window.Property(GaiaInitialized),1) + !String.IsEqual(Window.Property(GaiaPreviousRating),10)">SetProperty(GaiaColorDefault,$INFO[Window(Home).Property(GaiaColorTransparent1)],Home)</onup>
								<ondown condition="Integer.IsEqual(Window.Property(GaiaInitialized),1) + !String.IsEqual(Window.Property(GaiaPreviousRating),10)">SetProperty(GaiaColorDefault,$INFO[Window(Home).Property(GaiaColorTransparent1)],Home)</ondown>
								<onup condition="Integer.IsEqual(Window.Property(GaiaInitialized),1) + String.IsEqual(Window.Property(GaiaPreviousRating),10)">SetProperty(GaiaColorDefault,$INFO[Window(Home).Property(GaiaColorTransparent2)],Home)</onup>
								<ondown condition="Integer.IsEqual(Window.Property(GaiaInitialized),1) + String.IsEqual(Window.Property(GaiaPreviousRating),10)">SetProperty(GaiaColorDefault,$INFO[Window(Home).Property(GaiaColorTransparent2)],Home)</ondown>

								<onleft>52801</onleft>
								<onright>noop</onright>
								<onup>50100</onup>
								<ondown>50100</ondown>

								<onleft condition="Integer.IsEqual(Window.Property(GaiaInitialized),1)">SetProperty(GaiaInteracted,1)</onleft>
								<onright condition="Integer.IsEqual(Window.Property(GaiaInitialized),1)">SetProperty(GaiaInteracted,1)</onright>
								<onup condition="Integer.IsEqual(Window.Property(GaiaInitialized),1)">SetProperty(GaiaInteracted,1)</onup>
								<ondown condition="Integer.IsEqual(Window.Property(GaiaInitialized),1)">SetProperty(GaiaInteracted,1)</ondown>
							</control>
							<control type="image" id="52902">
								<width>52</width>
								<height>52</height>
								<texture>special://home/addons/script.gaia.resources/resources/media/interface/rating/$INFO[Window.Property(GaiaIcon)]/outer.png</texture>
							</control>
							<control type="image" id="52903">
								<width>52</width>
								<height>52</height>
								<texture colordiffuse="$INFO[Window(Home).Property(GaiaColorSecondary)]">special://home/addons/script.gaia.resources/resources/media/interface/rating/$INFO[Window.Property(GaiaIcon)]/inner.png</texture>
								<animation effect="fade" easing="inout" tween="cubic" start="0" end="100" time="100" reversible="false" condition="Integer.IsGreaterOrEqual(Window.Property(GaiaAnimated),1) + !String.IsEqual(Window.Property(GaiaPreviousRating),9) + !String.IsEqual(Window.Property(GaiaPreviousRating),10)">VisibleChange</animation>
								<visible>!Integer.IsGreaterOrEqual(Window.Property(GaiaRatingValue),10)</visible>
							</control>
							<control type="image" id="52904">
								<width>52</width>
								<height>52</height>
								<texture colordiffuse="$INFO[Window(Home).Property(GaiaColorDefault)]">special://home/addons/script.gaia.resources/resources/media/interface/rating/$INFO[Window.Property(GaiaIcon)]/inner.png</texture>
								<animation effect="fade" easing="inout" tween="cubic" start="0" end="100" time="100" reversible="false" condition="Integer.IsGreaterOrEqual(Window.Property(GaiaAnimated),1) + !String.IsEqual(Window.Property(GaiaPreviousRating),9) + !String.IsEqual(Window.Property(GaiaPreviousRating),10)">VisibleChange</animation>
								<visible>Integer.IsGreaterOrEqual(Window.Property(GaiaRatingValue),10)</visible>
							</control>
						</control>

					</control>
				</control>

				<!-- CONTENT - OVERVIEW -->
				<control type="textbox" id="51200">
					<visible>!String.IsEqual(Window.Property(GaiaMode),rating)</visible>
					<top>347</top>
					<width>590</width>
					<height>70</height>
					<font>[GAIAFONTSMALLLIGHT]</font>
					<align>justify</align>
					<aligny>center</aligny>
					<textcolor>FFFFFFFF</textcolor>
					<autoscroll delay="3000" time="3000" repeat="10000"></autoscroll>
					<label>$INFO[Window.Property(GaiaOverview)]</label>
					<animation effect="fade" easing="inout" tween="cubic" start="0" end="100" time="500" delay="50" reversible="false" condition="Integer.IsGreaterOrEqual(Window.Property(GaiaAnimated),4)">Conditional</animation>
				</control>

				<!-- CONTENT - RATING -->
				<control type="group">
					<visible>Integer.IsGreaterOrEqual(Window.Property(GaiaRatingService),1)</visible>

					<!-- CONTENT - RATING - GLOBAL -->
					<control type="group" id="51300">
						<visible>Integer.IsGreaterOrEqual(Window.Property(GaiaRatingService),1) + !String.IsEmpty(Window.Property(GaiaRatingLabel0))</visible>
						<animation effect="fade" easing="inout" tween="cubic" start="0" end="100" time="500" delay="50" reversible="false" condition="Integer.IsGreaterOrEqual(Window.Property(GaiaAnimated),4)">Conditional</animation>
						<top>425</top>
						<left>420</left>
						<width>500</width>

						<control type="image" id="51301">
							<top>0</top>
							<left>0</left>
							<width>32</width>
							<height>32</height>
							<texture colordiffuse="$INFO[Window(Home).Property(GaiaColorRating)]">special://home/addons/script.gaia.resources/resources/media/interface/rating/$INFO[Window.Property(GaiaIcon)]/full.png</texture>
						</control>
						<control type="label" id="51302">
							<top>0</top>
							<left>40</left>
							<width>auto</width>
							<height>32</height>
							<font>[GAIAFONTLARGE]</font>
							<scroll>true</scroll>
							<scrollspeed>50</scrollspeed>
							<align>left</align>
							<aligny>center</aligny>
							<textcolor>FFFFFFFF</textcolor>
							<label>$INFO[Window.Property(GaiaRatingLabel0)]</label>
						</control>
					</control>

					<!-- CONTENT - RATING - SERVICES -->
					<!-- NB: Grouplists cannot be retrieved in Python. Wrap it in a normal group. -->
					<!-- NB: Do not put individual icon-label pairs into separate groups, otherwise dynamic sizing with <width>auto</width> does not work. -->
					<control type="group" id="51400">
						<visible>Integer.IsGreaterOrEqual(Window.Property(GaiaRatingService),2)</visible>
						<top>465</top>
						<left>426</left>
						<width>500</width>

						<control type="grouplist">
							<top>0</top>
							<left>0</left>
							<orientation>horizontal</orientation>

							<!-- CONTENT - RATING 1 -->
							<control type="image" id="51411">
								<top>0</top>
								<left>0</left>
								<width>20</width>
								<height>20</height>
								<texture>special://home/addons/script.gaia.resources/resources/media/icons/services/mini/$INFO[Window.Property(GaiaRatingType1)].png</texture>
								<visible>Integer.IsGreaterOrEqual(Window.Property(GaiaRatingService),2) + !String.IsEmpty(Window.Property(GaiaRatingLabel1))</visible>
								<animation effect="fade" easing="inout" tween="cubic" start="0" end="100" time="500" delay="100" reversible="false" condition="Integer.IsGreaterOrEqual(Window.Property(GaiaAnimated),4)">Conditional</animation>
							</control>
							<control type="label" id="51412">
								<top>0</top>
								<left>34</left>
								<width>auto</width>
								<height>20</height>
								<font>[GAIAFONTSMALL]</font>
								<scroll>true</scroll>
								<scrollspeed>50</scrollspeed>
								<align>left</align>
								<aligny>center</aligny>
								<textcolor>FFFFFFFF</textcolor>
								<label>  $INFO[Window.Property(GaiaRatingLabel1)]   </label>
								<visible>Integer.IsGreaterOrEqual(Window.Property(GaiaRatingService),2) + !String.IsEmpty(Window.Property(GaiaRatingLabel1))</visible>
								<animation effect="fade" easing="inout" tween="cubic" start="0" end="100" time="500" delay="100" reversible="false" condition="Integer.IsGreaterOrEqual(Window.Property(GaiaAnimated),4)">Conditional</animation>
							</control>

							<!-- CONTENT - RATING 2 -->
							<control type="image" id="51421">
								<top>0</top>
								<left>0</left>
								<width>20</width>
								<height>20</height>
								<texture>special://home/addons/script.gaia.resources/resources/media/icons/services/mini/$INFO[Window.Property(GaiaRatingType2)].png</texture>
								<visible>Integer.IsGreaterOrEqual(Window.Property(GaiaRatingService),3) + !String.IsEmpty(Window.Property(GaiaRatingLabel2))</visible>
								<animation effect="fade" easing="inout" tween="cubic" start="0" end="100" time="500" delay="150" reversible="false" condition="Integer.IsGreaterOrEqual(Window.Property(GaiaAnimated),4)">Conditional</animation>
							</control>
							<control type="label" id="51422">
								<top>0</top>
								<left>34</left>
								<width>auto</width>
								<height>20</height>
								<font>[GAIAFONTSMALL]</font>
								<scroll>true</scroll>
								<scrollspeed>50</scrollspeed>
								<align>left</align>
								<aligny>center</aligny>
								<textcolor>FFFFFFFF</textcolor>
								<label>  $INFO[Window.Property(GaiaRatingLabel2)]   </label>
								<visible>Integer.IsGreaterOrEqual(Window.Property(GaiaRatingService),3) + !String.IsEmpty(Window.Property(GaiaRatingLabel2))</visible>
								<animation effect="fade" easing="inout" tween="cubic" start="0" end="100" time="500" delay="150" reversible="false" condition="Integer.IsGreaterOrEqual(Window.Property(GaiaAnimated),4)">Conditional</animation>
							</control>

							<!-- CONTENT - RATING 3 -->
							<control type="image" id="51431">
								<top>0</top>
								<left>0</left>
								<width>20</width>
								<height>20</height>
								<texture>special://home/addons/script.gaia.resources/resources/media/icons/services/mini/$INFO[Window.Property(GaiaRatingType3)].png</texture>
								<visible>Integer.IsGreaterOrEqual(Window.Property(GaiaRatingService),4) + !String.IsEmpty(Window.Property(GaiaRatingLabel3))</visible>
								<animation effect="fade" easing="inout" tween="cubic" start="0" end="100" time="500" delay="200" reversible="false" condition="Integer.IsGreaterOrEqual(Window.Property(GaiaAnimated),4)">Conditional</animation>
							</control>
							<control type="label" id="51432">
								<top>0</top>
								<left>34</left>
								<width>auto</width>
								<height>20</height>
								<font>[GAIAFONTSMALL]</font>
								<scroll>true</scroll>
								<scrollspeed>50</scrollspeed>
								<align>left</align>
								<aligny>center</aligny>
								<textcolor>FFFFFFFF</textcolor>
								<label>  $INFO[Window.Property(GaiaRatingLabel3)]   </label>
								<visible>Integer.IsGreaterOrEqual(Window.Property(GaiaRatingService),4) + !String.IsEmpty(Window.Property(GaiaRatingLabel3))</visible>
								<animation effect="fade" easing="inout" tween="cubic" start="0" end="100" time="500" delay="200" reversible="false" condition="Integer.IsGreaterOrEqual(Window.Property(GaiaAnimated),4)">Conditional</animation>
							</control>

							<!-- CONTENT - RATING 4 -->
							<control type="image" id="51441">
								<top>0</top>
								<left>0</left>
								<width>20</width>
								<height>20</height>
								<texture>special://home/addons/script.gaia.resources/resources/media/icons/services/mini/$INFO[Window.Property(GaiaRatingType4)].png</texture>
								<visible>Integer.IsGreaterOrEqual(Window.Property(GaiaRatingService),5) + !String.IsEmpty(Window.Property(GaiaRatingLabel4))</visible>
								<animation effect="fade" easing="inout" tween="cubic" start="0" end="100" time="500" delay="250" reversible="false" condition="Integer.IsGreaterOrEqual(Window.Property(GaiaAnimated),4)">Conditional</animation>
							</control>
							<control type="label" id="51442">
								<top>0</top>
								<left>34</left>
								<width>auto</width>
								<height>20</height>
								<font>[GAIAFONTSMALL]</font>
								<scroll>true</scroll>
								<scrollspeed>50</scrollspeed>
								<align>left</align>
								<aligny>center</aligny>
								<textcolor>FFFFFFFF</textcolor>
								<label>  $INFO[Window.Property(GaiaRatingLabel4)]   </label>
								<visible>Integer.IsGreaterOrEqual(Window.Property(GaiaRatingService),5) + !String.IsEmpty(Window.Property(GaiaRatingLabel4))</visible>
								<animation effect="fade" easing="inout" tween="cubic" start="0" end="100" time="500" delay="250" reversible="false" condition="Integer.IsGreaterOrEqual(Window.Property(GaiaAnimated),4)">Conditional</animation>
							</control>

							<!-- CONTENT - RATING 5 -->
							<control type="image" id="51451">
								<top>0</top>
								<left>0</left>
								<width>20</width>
								<height>20</height>
								<texture>special://home/addons/script.gaia.resources/resources/media/icons/services/mini/$INFO[Window.Property(GaiaRatingType5)].png</texture>
								<visible>Integer.IsGreaterOrEqual(Window.Property(GaiaRatingService),6) + !String.IsEmpty(Window.Property(GaiaRatingLabel5))</visible>
								<animation effect="fade" easing="inout" tween="cubic" start="0" end="100" time="500" delay="300" reversible="false" condition="Integer.IsGreaterOrEqual(Window.Property(GaiaAnimated),4)">Conditional</animation>
							</control>
							<control type="label" id="51452">
								<top>0</top>
								<left>34</left>
								<width>auto</width>
								<height>20</height>
								<font>[GAIAFONTSMALL]</font>
								<scroll>true</scroll>
								<scrollspeed>50</scrollspeed>
								<align>left</align>
								<aligny>center</aligny>
								<textcolor>FFFFFFFF</textcolor>
								<label>  $INFO[Window.Property(GaiaRatingLabel5)]   </label>
								<visible>Integer.IsGreaterOrEqual(Window.Property(GaiaRatingService),6) + !String.IsEmpty(Window.Property(GaiaRatingLabel5))</visible>
								<animation effect="fade" easing="inout" tween="cubic" start="0" end="100" time="500" delay="300" reversible="false" condition="Integer.IsGreaterOrEqual(Window.Property(GaiaAnimated),4)">Conditional</animation>
							</control>
						</control>
					</control>

				</control>

				<!-- CONTENT - DESCRIPTION -->
				<control type="group" id="51500">
					<animation effect="fade" easing="inout" tween="cubic" start="0" end="100" time="500" delay="50" reversible="false" condition="Integer.IsGreaterOrEqual(Window.Property(GaiaAnimated),4)">Conditional</animation>
					<control type="group" id="51510">
						<visible>String.IsEqual(Window.Property(GaiaMode),rating)</visible>
						<control type="label" id="51511">
							<top>430</top>
							<right>20</right>
							<width>200</width>
							<height>32</height>
							<font>[GAIAFONTLARGE]</font>
							<scroll>true</scroll>
							<scrollspeed>50</scrollspeed>
							<align>right</align>
							<aligny>center</aligny>
							<textcolor>FFFFFFFF</textcolor>
							<label>[B]$INFO[Window.Property(GaiaRatingValue)].0$INFO[Window.Property(GaiaSeparator)]$INFO[Window.Property(GaiaRatingLabel)][/B]</label>
						</control>
						<control type="fadelabel" id="51512">
							<top>460</top>
							<right>20</right>
							<width>200</width>
							<height>32</height>
							<font>[GAIAFONTSMALL]</font>
							<scroll>true</scroll>
							<scrollout>false</scrollout>
		        			<pauseatend>4000</pauseatend>
							<align>right</align>
							<aligny>center</aligny>
							<textcolor>$INFO[Window(Home).Property(GaiaColorRated)]</textcolor>
							<label>$INFO[Window.Property(GaiaPreviousLabel)]</label>
							<label>[B]$INFO[Window.Property(GaiaPreviousRating)].0[/B] ($INFO[Window.Property(GaiaPreviousTime)])</label>
							<visible>Integer.IsGreaterOrEqual(Window.Property(GaiaAnimated),1) + !String.IsEmpty(Window.Property(GaiaPreviousRating))</visible>
						</control>
						<control type="label" id="51513">
							<top>460</top>
							<right>20</right>
							<width>200</width>
							<height>32</height>
							<font>[GAIAFONTSMALL]</font>
							<scroll>true</scroll>
							<scrollspeed>50</scrollspeed>
							<align>right</align>
							<aligny>center</aligny>
							<textcolor>$INFO[Window(Home).Property(GaiaColorRated)]</textcolor>
							<label>$INFO[Window.Property(GaiaPreviousLabel)]</label>
							<visible>Integer.IsLessOrEqual(Window.Property(GaiaAnimated),0) + !String.IsEmpty(Window.Property(GaiaPreviousRating))</visible>
						</control>
						<control type="label" id="51514">
							<top>460</top>
							<right>20</right>
							<width>200</width>
							<height>32</height>
							<font>[GAIAFONTSMALL]</font>
							<scroll>true</scroll>
							<scrollspeed>50</scrollspeed>
							<align>right</align>
							<aligny>center</aligny>
							<textcolor>FFFFFFFF</textcolor>
							<label>[B]$INFO[Window.Property(GaiaUnratedLabel)][/B]</label>
							<visible>String.IsEmpty(Window.Property(GaiaPreviousRating))</visible>
						</control>
					</control>
					<control type="group" id="51520">
						<visible>!String.IsEqual(Window.Property(GaiaMode),rating)</visible>
						<control type="label" id="51521">
							<top>430</top>
							<right>20</right>
							<width>200</width>
							<height>32</height>
							<font>[GAIAFONTLARGE]</font>
							<scroll>true</scroll>
							<scrollspeed>50</scrollspeed>
							<align>right</align>
							<aligny>center</aligny>
							<textcolor>FFFFFFFF</textcolor>
							<label>[B]$INFO[Window.Property(GaiaDescription1)][/B]</label>
						</control>
						<control type="label" id="51522">
							<top>460</top>
							<right>20</right>
							<width>200</width>
							<height>32</height>
							<font>[GAIAFONTSMALL]</font>
							<scroll>true</scroll>
							<scrollspeed>50</scrollspeed>
							<align>right</align>
							<aligny>center</aligny>
							<textcolor>FFFFFFFF</textcolor>
							<label>[B]$INFO[Window.Property(GaiaDescription2)][/B]</label>
						</control>
					</control>
				</control>

			</control>

		</control>

	</controls>
</window>
