<?xml version="1.0" encoding="UTF-8" standalone="yes"?>
<addon id="script.quasar.burst" name="Quasar [COLOR FFFF6B00]Burst[/COLOR]" version="0.6.0" provider-name="scakemyer">
    <requires>
        <import addon="xbmc.python" version="2.1.0"/>
        <import addon="plugin.video.quasar" optional="false"/>
    </requires>
    <extension point="xbmc.python.script" library="burst.py">
        <provides>executable</provides>
    </extension>
    <extension point="xbmc.addon.metadata">
        <summary lang="en">Quasar torrents provider</summary>
        <description lang="en">Quasar Burst is a lean and mean multi-provider for Quasar.</description>
        <disclaimer lang="en">The author does not host or distribute any of the content displayed by this addon. The author does not have any affiliation with the content providers.
        </disclaimer>
        <license>WTFPL, Version 2, December 2004. See included LICENSE.</license>
        <website>https://burst.surge.sh</website>
        <source>https://bitbucket.org/scakemyer/script.quasar.burst</source>
        <forum>TODO</forum>
        <assets>
            <icon>icon.png</icon>
            <fanart>fanart.jpg</fanart>
        </assets>
    </extension>
</addon>
